name,phones,social,url_2gis
2А,+79282022540,"WhatsApp, Telegram",https://2gis.ru/gelendzhik/search/%D1%80%D0%B5%D0%BC%D0%BE%D0%BD%D1%82%20%D0%BA%D0%B2%D0%B0%D1%80%D1%82%D0%B8%D1%80/filters/sort%3Dopened_time/page/47/firm/70000001063710372/38.071255%2C44.548266?m=37.338555%2C44.887715%2F10.62
3D.Buro,+79953406719,"WhatsApp, Telegram",https://2gis.ru/krasnodar/search/%D1%80%D0%B5%D0%BC%D0%BE%D0%BD%D1%82%20%D0%BA%D0%B2%D0%B0%D1%80%D1%82%D0%B8%D1%80/filters/sort%3Dopened_time/page/22/firm/70000001097368302/38.995847%2C45.063615?m=38.111138%2C44.554717%2F10.62
AB Ремонт,+79189701900,"WhatsApp, Telegram",https://2gis.ru/krasnodar/search/%D1%80%D0%B5%D0%BC%D0%BE%D0%BD%D1%82%20%D0%BA%D0%B2%D0%B0%D1%80%D1%82%D0%B8%D1%80/filters/sort%3Dopened_time/page/49/firm/70000001057187179/39.037497%2C45.055388?m=37.765652%2C44.714682%2F10.62
Add design,+79258351769,WhatsApp,https://2gis.ru/krasnodar/search/%D1%80%D0%B5%D0%BC%D0%BE%D0%BD%D1%82%20%D0%BA%D0%B2%D0%B0%D1%80%D1%82%D0%B8%D1%80/filters/sort%3Dopened_time/page/16/firm/70000001053874371/39.026502%2C45.099018?m=38.079405%2C44.563331%2F10.62
Arpa23,+79184412968,WhatsApp,https://2gis.ru/krasnodar/search/%D1%80%D0%B5%D0%BC%D0%BE%D0%BD%D1%82%20%D0%BA%D0%B2%D0%B0%D1%80%D1%82%D0%B8%D1%80/filters/sort%3Dopened_time/page/15/firm/70000001047772921/39.006583%2C45.099952?m=38.99238%2C45.062214%2F10.62
Auroom stroy group,+79883191800,WhatsApp,https://2gis.ru/anapa/search/%D1%80%D0%B5%D0%BC%D0%BE%D0%BD%D1%82%20%D0%BA%D0%B2%D0%B0%D1%80%D1%82%D0%B8%D1%80/filters/sort%3Dopened_time/page/33/firm/70000001101964622/37.339902%2C44.894244?m=39.048868%2C45.023666%2F10.62
Brosco,+79384133888,"WhatsApp, Telegram",https://2gis.ru/anapa/search/%D1%80%D0%B5%D0%BC%D0%BE%D0%BD%D1%82%20%D0%BA%D0%B2%D0%B0%D1%80%D1%82%D0%B8%D1%80/filters/sort%3Dopened_time/page/24/firm/70000001051281273/37.327999%2C44.889667?m=38.977723%2C45.074028%2F10.62
Bsd-stroy,+79130071307,WhatsApp,https://2gis.ru/anapa/search/%D1%80%D0%B5%D0%BC%D0%BE%D0%BD%D1%82%20%D0%BA%D0%B2%D0%B0%D1%80%D1%82%D0%B8%D1%80/filters/sort%3Dopened_time/page/25/firm/70000001047059920?m=38.666672%2C44.849309%2F10.62
By Danilenko,+79884603145,"YouTube, WhatsApp, Telegram",https://2gis.ru/krasnodar/search/%D1%80%D0%B5%D0%BC%D0%BE%D0%BD%D1%82%20%D0%BA%D0%B2%D0%B0%D1%80%D1%82%D0%B8%D1%80/filters/sort%3Dopened_time/page/51/firm/70000001052823727/39.010647%2C45.005713?m=38.547812%2C44.850461%2F10.62
Comfort group,+79094663540,,https://2gis.ru/krasnodar/search/%D1%80%D0%B5%D0%BC%D0%BE%D0%BD%D1%82%20%D0%BA%D0%B2%D0%B0%D1%80%D1%82%D0%B8%D1%80/filters/sort%3Dopened_time/page/35/firm/70000001099373431/38.963893%2C45.049936?m=39.2247%2C45.220339%2F10.62
Crocus group remont,+79181840480,WhatsApp,https://2gis.ru/krasnodar/search/%D1%80%D0%B5%D0%BC%D0%BE%D0%BD%D1%82%20%D0%BA%D0%B2%D0%B0%D1%80%D1%82%D0%B8%D1%80/filters/sort%3Dopened_time/page/14/firm/70000001061083707/39.029157%2C45.047402?m=38.958426%2C45.049683%2F10.62
Danis development,+79282337712,"WhatsApp, Telegram",https://2gis.ru/krasnodar/search/%D1%80%D0%B5%D0%BC%D0%BE%D0%BD%D1%82%20%D0%BA%D0%B2%D0%B0%D1%80%D1%82%D0%B8%D1%80/filters/sort%3Dopened_time/page/13/firm/70000001057522145/38.919204%2C45.063242?m=37.341386%2C44.900257%2F10.62
Demo,+79385156006,"WhatsApp, Telegram",https://2gis.ru/krasnodar/search/%D1%80%D0%B5%D0%BC%D0%BE%D0%BD%D1%82%20%D0%BA%D0%B2%D0%B0%D1%80%D1%82%D0%B8%D1%80/filters/sort%3Dopened_time/page/11/firm/70000001065072576/39.046824%2C45.013637
DemontazhGrup,+79002533330,"WhatsApp, Telegram",https://2gis.ru/novorossiysk/search/%D1%80%D0%B5%D0%BC%D0%BE%D0%BD%D1%82%20%D0%BA%D0%B2%D0%B0%D1%80%D1%82%D0%B8%D1%80/filters/sort%3Dopened_time/page/55/firm/70000001038857614/37.759401%2C44.683402?m=37.698546%2C44.763757%2F10.62
Digroup,+79284160897,,https://2gis.ru/krasnodar/search/%D1%80%D0%B5%D0%BC%D0%BE%D0%BD%D1%82%20%D0%BA%D0%B2%D0%B0%D1%80%D1%82%D0%B8%D1%80/filters/sort%3Dopened_time/page/31/firm/70000001110561568/38.956136%2C45.037323?m=38.943272%2C45.037581%2F10.62
Dom group,+79282084717,"WhatsApp, Telegram",https://2gis.ru/krasnodar/search/%D1%80%D0%B5%D0%BC%D0%BE%D0%BD%D1%82%20%D0%BA%D0%B2%D0%B0%D1%80%D1%82%D0%B8%D1%80/filters/sort%3Dopened_time/page/15/firm/70000001046017573/38.900142%2C45.077415?m=38.99238%2C45.062214%2F10.62
Eclectic decor,+79183514540,WhatsApp,https://2gis.ru/novorossiysk/search/%D1%80%D0%B5%D0%BC%D0%BE%D0%BD%D1%82%20%D0%BA%D0%B2%D0%B0%D1%80%D1%82%D0%B8%D1%80/filters/sort%3Dopened_time/page/58/firm/70000001020979094/37.750808%2C44.715223?m=39.007338%2C45.12027%2F10.62
Fixxiii,+79385516394,"Telegram, WhatsApp",https://2gis.ru/krasnodar/search/%D1%80%D0%B5%D0%BC%D0%BE%D0%BD%D1%82%20%D0%BA%D0%B2%D0%B0%D1%80%D1%82%D0%B8%D1%80/filters/sort%3Dopened_time/page/6/firm/70000001093671054/39.000155%2C45.036687?m=37.336392%2C44.894351%2F10.62
Frino,+78612410734,"Taplink, WhatsApp",https://2gis.ru/krasnodar/search/%D1%80%D0%B5%D0%BC%D0%BE%D0%BD%D1%82%20%D0%BA%D0%B2%D0%B0%D1%80%D1%82%D0%B8%D1%80/filters/sort%3Dopened_time/page/58/firm/70000001006334974/38.963458%2C45.024242?m=37.751713%2C44.731909%2F10.62
Granat group,+79883559058,WhatsApp,https://2gis.ru/krasnodar/search/%D1%80%D0%B5%D0%BC%D0%BE%D0%BD%D1%82%20%D0%BA%D0%B2%D0%B0%D1%80%D1%82%D0%B8%D1%80/filters/sort%3Dopened_time/page/12/firm/70000001059803344/38.977723%2C45.074028?m=39.01902%2C45.120078%2F10.62
Happy.design,+79094483697,WhatsApp,https://2gis.ru/krasnodar/search/%D1%80%D0%B5%D0%BC%D0%BE%D0%BD%D1%82%20%D0%BA%D0%B2%D0%B0%D1%80%D1%82%D0%B8%D1%80/filters/sort%3Dopened_time/page/22/firm/70000001051326548?m=38.995847%2C45.063615%2F10.62
HomeExpert,+79186367698,"WhatsApp, Telegram",https://2gis.ru/krasnodar/search/%D1%80%D0%B5%D0%BC%D0%BE%D0%BD%D1%82%20%D0%BA%D0%B2%D0%B0%D1%80%D1%82%D0%B8%D1%80/filters/sort%3Dopened_time/page/14/firm/70000001068867691/39.039361%2C45.066264?m=38.958426%2C45.049683%2F10.62
IQ Home,+79186435888,WhatsApp,https://2gis.ru/anapa/search/%D1%80%D0%B5%D0%BC%D0%BE%D0%BD%D1%82%20%D0%BA%D0%B2%D0%B0%D1%80%D1%82%D0%B8%D1%80/filters/sort%3Dopened_time/page/18/firm/70000001087534175?m=39.006744%2C45.097399%2F10.62
Komfort_23,+79180168184,WhatsApp,https://2gis.ru/search/%D1%80%D0%B5%D0%BC%D0%BE%D0%BD%D1%82%20%D0%BA%D0%B2%D0%B0%D1%80%D1%82%D0%B8%D1%80/filters/sort%3Dopened_time/page/15/firm/70000001046488602/39.397%2C46.340858?m=37.752245%2C44.73216%2F10.62
Konstruktiva,+79895003336,Telegram,https://2gis.ru/krasnodar/search/%D1%80%D0%B5%D0%BC%D0%BE%D0%BD%D1%82%20%D0%BA%D0%B2%D0%B0%D1%80%D1%82%D0%B8%D1%80/filters/sort%3Dopened_time/page/2/firm/70000001103438427/39.086243%2C45.095458?m=39.003284%2C45.085157%2F10.62
Krash,+79180660005,"Telegram, WhatsApp",https://2gis.ru/novorossiysk/search/%D1%80%D0%B5%D0%BC%D0%BE%D0%BD%D1%82%20%D0%BA%D0%B2%D0%B0%D1%80%D1%82%D0%B8%D1%80/filters/sort%3Dopened_time/page/38/firm/70000001093817167/37.386849%2C44.900148?m=38.907229%2C45.098942%2F10.62
Krd Hous,+79186377077,,https://2gis.ru/krasnodar/search/%D1%80%D0%B5%D0%BC%D0%BE%D0%BD%D1%82%20%D0%BA%D0%B2%D0%B0%D1%80%D1%82%D0%B8%D1%80/filters/sort%3Dopened_time/page/47/firm/70000001063886804?m=37.338555%2C44.887715%2F10.62
KrdремонтPro,+79883895981,"WhatsApp, Telegram",https://2gis.ru/krasnodar/search/%D1%80%D0%B5%D0%BC%D0%BE%D0%BD%D1%82%20%D0%BA%D0%B2%D0%B0%D1%80%D1%82%D0%B8%D1%80/filters/sort%3Dopened_time/page/3/firm/70000001102359830?m=39.003284%2C45.085157%2F10.62
Kvaddrat,+79890210808,"WhatsApp, Telegram",https://2gis.ru/krasnodar/search/%D1%80%D0%B5%D0%BC%D0%BE%D0%BD%D1%82%20%D0%BA%D0%B2%D0%B0%D1%80%D1%82%D0%B8%D1%80/filters/sort%3Dopened_time/page/33/firm/70000001101996270/39.048868%2C45.023666?m=37.782432%2C44.702703%2F10.62
LeDaRu,+79655990163,WhatsApp,https://2gis.ru/gelendzhik/search/%D1%80%D0%B5%D0%BC%D0%BE%D0%BD%D1%82%20%D0%BA%D0%B2%D0%B0%D1%80%D1%82%D0%B8%D1%80/filters/sort%3Dopened_time/page/39/firm/70000001091522571/38.073817%2C44.57351?m=38.073817%2C44.57351%2F10.62
Lieben-haus,+79181416575,WhatsApp,https://2gis.ru/novorossiysk/search/%D1%80%D0%B5%D0%BC%D0%BE%D0%BD%D1%82%20%D0%BA%D0%B2%D0%B0%D1%80%D1%82%D0%B8%D1%80/filters/sort%3Dopened_time/page/24/firm/70000001033455280/37.768467%2C44.709999?m=38.963833%2C45.050183%2F10.62
Masterproff,+79960553033,"WhatsApp, Telegram",https://2gis.ru/krasnodar/search/%D1%80%D0%B5%D0%BC%D0%BE%D0%BD%D1%82%20%D0%BA%D0%B2%D0%B0%D1%80%D1%82%D0%B8%D1%80/filters/sort%3Dopened_time/page/8/firm/70000001101368903/38.975831%2C45.050355?m=39.040127%2C45.035997%2F10.62
Nachalo,+79826540495,,https://2gis.ru/krasnodar/firm/70000001105621915
Naстрой,+79189553525,,
Neo-Group,+79883193377,"YouTube, WhatsApp, Telegram",https://2gis.ru/novorossiysk/search/%D1%80%D0%B5%D0%BC%D0%BE%D0%BD%D1%82%20%D0%BA%D0%B2%D0%B0%D1%80%D1%82%D0%B8%D1%80/filters/sort%3Dopened_time/page/52/firm/70000001052415508/37.77918%2C44.692605?m=39.02589%2C45.013671%2F10.62
O`Live,+79186966968,"WhatsApp, Telegram",https://2gis.ru/krasnodar/search/%D1%80%D0%B5%D0%BC%D0%BE%D0%BD%D1%82%20%D0%BA%D0%B2%D0%B0%D1%80%D1%82%D0%B8%D1%80/filters/sort%3Dopened_time/page/5/firm/70000001103437740/39.220773%2C45.220615?m=37.32809%2C44.897701%2F10.62
Orex,+79885018617,"WhatsApp, Telegram",https://2gis.ru/krasnodar/search/%D1%80%D0%B5%D0%BC%D0%BE%D0%BD%D1%82%20%D0%BA%D0%B2%D0%B0%D1%80%D1%82%D0%B8%D1%80/filters/sort%3Dopened_time/page/20/firm/70000001052829039/38.97543%2C45.036003?m=39.060945%2C45.038119%2F10.62
Partner Development Group,+79002400007,WhatsApp,https://2gis.ru/anapa/search/%D1%80%D0%B5%D0%BC%D0%BE%D0%BD%D1%82%20%D0%BA%D0%B2%D0%B0%D1%80%D1%82%D0%B8%D1%80/filters/sort%3Dopened_time/page/53/firm/70000001046435222/37.317871%2C44.884447?m=37.769089%2C44.719187%2F10.62
Pavel stroy,+79180602190,WhatsApp,https://2gis.ru/krasnodar/search/%D1%80%D0%B5%D0%BC%D0%BE%D0%BD%D1%82%20%D0%BA%D0%B2%D0%B0%D1%80%D1%82%D0%B8%D1%80/filters/sort%3Dopened_time/page/17/firm/70000001047815239?m=39.006744%2C45.097399%2F10.62
Platinum,+79624055567,WhatsApp,https://2gis.ru/krasnodar/search/%D1%80%D0%B5%D0%BC%D0%BE%D0%BD%D1%82%20%D0%BA%D0%B2%D0%B0%D1%80%D1%82%D0%B8%D1%80/filters/sort%3Dopened_time/page/8/firm/70000001095879137?m=39.040127%2C45.035997%2F10.62
Privozzz,+79183317099,WhatsApp,https://2gis.ru/krasnodar/search/%D1%80%D0%B5%D0%BC%D0%BE%D0%BD%D1%82%20%D0%BA%D0%B2%D0%B0%D1%80%D1%82%D0%B8%D1%80/filters/sort%3Dopened_time/page/21/firm/70000001033095715/39.283551%2C45.048301
Pro ремонт Brend,+78617650606,,https://2gis.ru/novorossiysk/search/%D1%80%D0%B5%D0%BC%D0%BE%D0%BD%D1%82%20%D0%BA%D0%B2%D0%B0%D1%80%D1%82%D0%B8%D1%80/filters/sort%3Dopened_time/page/47/firm/70000001067905460/37.778803%2C44.685835?m=37.778803%2C44.685835%2F10.62
Pro.Remont,+79385001112,WhatsApp,https://2gis.ru/gelendzhik/search/%D1%80%D0%B5%D0%BC%D0%BE%D0%BD%D1%82%20%D0%BA%D0%B2%D0%B0%D1%80%D1%82%D0%B8%D1%80/filters/sort%3Dopened_time/page/54/firm/70000001042872570/38.083867%2C44.55968?m=37.30048%2C44.895434%2F10.62
Pro/Reмонт,+79000044193,WhatsApp,https://2gis.ru/novorossiysk/search/%D1%80%D0%B5%D0%BC%D0%BE%D0%BD%D1%82%20%D0%BA%D0%B2%D0%B0%D1%80%D1%82%D0%B8%D1%80/filters/sort%3Dopened_time/page/32/firm/70000001105297716/37.781654%2C44.696009?m=38.115335%2C44.555735%2F10.62
Propinter,+79094444921,WhatsApp,https://2gis.ru/krasnodar/search/%D1%80%D0%B5%D0%BC%D0%BE%D0%BD%D1%82%20%D0%BA%D0%B2%D0%B0%D1%80%D1%82%D0%B8%D1%80/filters/sort%3Dopened_time/page/3/firm/70000001101989152/39.032143%2C45.094246?m=37.338548%2C44.887531%2F10.62
Pro|ремонт,+79676653851,"WhatsApp, Telegram",https://2gis.ru/krasnodar/search/%D1%80%D0%B5%D0%BC%D0%BE%D0%BD%D1%82%20%D0%BA%D0%B2%D0%B0%D1%80%D1%82%D0%B8%D1%80/filters/sort%3Dopened_time/page/3/firm/70000001103446942/38.991822%2C45.063257?m=39.003284%2C45.085157%2F10.62
Raviga,+79186569196,"Telegram, WhatsApp",https://2gis.ru/krasnodar/search/%D1%80%D0%B5%D0%BC%D0%BE%D0%BD%D1%82%20%D0%BA%D0%B2%D0%B0%D1%80%D1%82%D0%B8%D1%80/filters/sort%3Dopened_time/page/45/firm/70000001075258899/38.952593%2C45.074525?m=37.774111%2C44.673437%2F10.62
Realstroy,+79183308668,WhatsApp,https://2gis.ru/krasnodar/search/%D1%80%D0%B5%D0%BC%D0%BE%D0%BD%D1%82%20%D0%BA%D0%B2%D0%B0%D1%80%D1%82%D0%B8%D1%80/filters/sort%3Dopened_time/page/20/firm/70000001058801512/38.943347%2C45.059712?m=37.331904%2C44.888924%2F10.62
Rembrand,"+78002221801, +79186747327","Telegram, WhatsApp",https://2gis.ru/krasnodar/search/%D1%80%D0%B5%D0%BC%D0%BE%D0%BD%D1%82%20%D0%BA%D0%B2%D0%B0%D1%80%D1%82%D0%B8%D1%80/filters/sort%3Dopened_time/page/15/firm/70000001048511372/38.99238%2C45.062214?m=39.397%2C46.340858%2F10.62
Rian-invest,"+79183139558, +79298410125","YouTube, WhatsApp",https://2gis.ru/krasnodar/search/%D1%80%D0%B5%D0%BC%D0%BE%D0%BD%D1%82%20%D0%BA%D0%B2%D0%B0%D1%80%D1%82%D0%B8%D1%80/filters/sort%3Dopened_time/page/42/firm/70000001087494846/39.000315%2C45.097845?m=38.958981%2C45.108211%2F10.62
Sk-group,"+79183353389, +79181512299","WhatsApp, Telegram",https://2gis.ru/krasnodar/search/%D1%80%D0%B5%D0%BC%D0%BE%D0%BD%D1%82%20%D0%BA%D0%B2%D0%B0%D1%80%D1%82%D0%B8%D1%80/filters/sort%3Dopened_time/page/26/firm/70000001067957177/38.939457%2C45.054156?m=37.785935%2C44.678585%2F10.62
Smart level,+78612176201,,https://2gis.ru/novorossiysk/search/%D1%80%D0%B5%D0%BC%D0%BE%D0%BD%D1%82%20%D0%BA%D0%B2%D0%B0%D1%80%D1%82%D0%B8%D1%80/filters/sort%3Dopened_time/page/26/firm/70000001026945812/37.785935%2C44.678585?m=38.123528%2C44.553068%2F10.62
StroyHubGroup,+79180534933,"WhatsApp, Telegram",https://2gis.ru/goryachij-klyuch/search/%D1%80%D0%B5%D0%BC%D0%BE%D0%BD%D1%82%20%D0%BA%D0%B2%D0%B0%D1%80%D1%82%D0%B8%D1%80/filters/sort%3Dopened_time/page/3/firm/70000001103390468/39.1259%2C44.631502?m=39.1259%2C44.631502%2F10.62
"Vasco, компания натяжных потолков",+79186664855,,https://2gis.ru/tihoreck/search/%D1%80%D0%B5%D0%BC%D0%BE%D0%BD%D1%82%20%D0%BA%D0%B2%D0%B0%D1%80%D1%82%D0%B8%D1%80/filters/sort%3Dopened_time/page/55/firm/70000001039342244/40.155853%2C45.855224?m=40.120294%2C45.855233%2F10.62
YAroom bureau,+79882473434,WhatsApp,https://2gis.ru/krasnodar/search/%D1%80%D0%B5%D0%BC%D0%BE%D0%BD%D1%82%20%D0%BA%D0%B2%D0%B0%D1%80%D1%82%D0%B8%D1%80/filters/sort%3Dopened_time/page/42/firm/70000001087979749/38.903404%2C45.099662?m=38.958981%2C45.108211%2F10.62
Zona Remontov,+79889426733,WhatsApp,https://2gis.ru/novorossiysk/search/%D1%80%D0%B5%D0%BC%D0%BE%D0%BD%D1%82%20%D0%BA%D0%B2%D0%B0%D1%80%D1%82%D0%B8%D1%80/filters/sort%3Dopened_time/page/49/firm/70000001060446412/37.777983%2C44.676516?m=37.767755%2C44.700868%2F10.62
АМ-ПроРемонт,+79288449377,"WhatsApp, Telegram",https://2gis.ru/krasnodar/search/%D1%80%D0%B5%D0%BC%D0%BE%D0%BD%D1%82%20%D0%BA%D0%B2%D0%B0%D1%80%D1%82%D0%B8%D1%80/filters/sort%3Dopened_time/page/37/firm/70000001097329857/39.016087%2C45.054567?m=38.994723%2C45.037063%2F10.62
Аварийная служба,+79186007022,WhatsApp,https://2gis.ru/novorossiysk/search/%D1%80%D0%B5%D0%BC%D0%BE%D0%BD%D1%82%20%D0%BA%D0%B2%D0%B0%D1%80%D1%82%D0%B8%D1%80/filters/sort%3Dopened_time/page/13/firm/70000001054178177?m=38.919204%2C45.063242%2F10.62
Аварийная служба по электромонтажным работам,"+79184372232, +79189472727",,https://2gis.ru/krasnodar/search/%D1%80%D0%B5%D0%BC%D0%BE%D0%BD%D1%82%20%D0%BA%D0%B2%D0%B0%D1%80%D1%82%D0%B8%D1%80/filters/sort%3Dopened_time/page/37/firm/70000001097416524?m=38.994723%2C45.037063%2F10.62
Аврора,+79182751717,WhatsApp,https://2gis.ru/krasnodar/search/%D1%80%D0%B5%D0%BC%D0%BE%D0%BD%D1%82%20%D0%BA%D0%B2%D0%B0%D1%80%D1%82%D0%B8%D1%80/filters/sort%3Dopened_time/page/6/firm/70000001100783457?m=38.132073%2C45.231848%2F10.62
Агент 007,+79180555007,WhatsApp,https://2gis.ru/anapa/search/%D1%80%D0%B5%D0%BC%D0%BE%D0%BD%D1%82%20%D0%BA%D0%B2%D0%B0%D1%80%D1%82%D0%B8%D1%80/filters/sort%3Dopened_time/page/55/firm/70000001038374303/37.324373%2C44.884043?m=37.698546%2C44.763757%2F10.62
Агентство недвижимости,+79385181324,"YouTube, WhatsApp, Telegram",https://2gis.ru/krasnodar/search/%D1%80%D0%B5%D0%BC%D0%BE%D0%BD%D1%82%20%D0%BA%D0%B2%D0%B0%D1%80%D1%82%D0%B8%D1%80/filters/sort%3Dopened_time/page/9/firm/70000001080005370/39.000315%2C45.097845?m=39.014039%2C45.080438%2F10.62
Аис-строй,+79184623968,,https://2gis.ru/timashevsk/search/%D1%80%D0%B5%D0%BC%D0%BE%D0%BD%D1%82%20%D0%BA%D0%B2%D0%B0%D1%80%D1%82%D0%B8%D1%80/filters/sort%3Dopened_time/page/56/firm/70000001037634270/38.943471%2C45.615842?m=38.944065%2C45.624513%2F10.62
Академия безопасности,+78619914941,,https://2gis.ru/krasnodar/search/%D1%80%D0%B5%D0%BC%D0%BE%D0%BD%D1%82%20%D0%BA%D0%B2%D0%B0%D1%80%D1%82%D0%B8%D1%80/filters/sort%3Dopened_time/page/37/firm/70000001097401943/38.983987%2C45.04688?m=38.994723%2C45.037063%2F10.62
Академия тепла,+79897666990,,https://2gis.ru/novorossiysk/search/%D1%80%D0%B5%D0%BC%D0%BE%D0%BD%D1%82%20%D0%BA%D0%B2%D0%B0%D1%80%D1%82%D0%B8%D1%80/filters/sort%3Dopened_time/page/39/firm/70000001091505952/37.760133%2C44.691766?m=38.073817%2C44.57351%2F10.62
Аквариус,+78619451234,"YouTube, WhatsApp",https://2gis.ru/krasnodar/search/%D1%80%D0%B5%D0%BC%D0%BE%D0%BD%D1%82%20%D0%BA%D0%B2%D0%B0%D1%80%D1%82%D0%B8%D1%80/filters/sort%3Dopened_time/page/23/firm/70000001029878692/38.963833%2C45.050183?m=37.775319%2C44.714154%2F10.62
Алеарт-Строй,+79994442920,,https://2gis.ru/krasnodar/firm/70000001023501820
Альпантикор,+79298403892,,https://2gis.ru/krasnodar/search/%D1%80%D0%B5%D0%BC%D0%BE%D0%BD%D1%82%20%D0%BA%D0%B2%D0%B0%D1%80%D1%82%D0%B8%D1%80/filters/sort%3Dopened_time/page/2/firm/70000001103646153/38.965035%2C45.067576?m=39.003284%2C45.085157%2F10.62
Альфа гарант,+79996333601,"WhatsApp, Telegram",https://2gis.ru/krasnodar/search/%D1%80%D0%B5%D0%BC%D0%BE%D0%BD%D1%82%20%D0%BA%D0%B2%D0%B0%D1%80%D1%82%D0%B8%D1%80/filters/sort%3Dopened_time/page/5/firm/70000001104095754/38.908843%2C45.105323?m=37.785935%2C44.678585%2F10.62
Альянс групп,+79282072129,"WhatsApp, Telegram",https://2gis.ru/krasnodar/search/%D1%80%D0%B5%D0%BC%D0%BE%D0%BD%D1%82%20%D0%BA%D0%B2%D0%B0%D1%80%D1%82%D0%B8%D1%80/filters/sort%3Dopened_time/page/12/firm/70000001063449617/38.962748%2C45.060506?m=39.01902%2C45.120078%2F10.62
Апекс,+78617714438,,https://2gis.ru/novorossiysk/search/%D1%80%D0%B5%D0%BC%D0%BE%D0%BD%D1%82%20%D0%BA%D0%B2%D0%B0%D1%80%D1%82%D0%B8%D1%80/filters/sort%3Dopened_time/page/60/firm/10415102419272752/37.788939%2C44.696181?m=37.319377%2C44.883154%2F10.62
Ар-Деко,+79182323719,Telegram,https://2gis.ru/primorsko-ahtarsk/search/%D1%80%D0%B5%D0%BC%D0%BE%D0%BD%D1%82%20%D0%BA%D0%B2%D0%B0%D1%80%D1%82%D0%B8%D1%80/filters/sort%3Dopened_time/page/34/firm/70000001100680190/38.203449%2C46.050421?m=40.737362%2C44.64286%2F10.62
Арм-строй,+79836660777,WhatsApp,https://2gis.ru/krasnodar/search/%D1%80%D0%B5%D0%BC%D0%BE%D0%BD%D1%82%20%D0%BA%D0%B2%D0%B0%D1%80%D1%82%D0%B8%D1%80/filters/sort%3Dopened_time/page/33/firm/70000001101920265?m=37.339902%2C44.894244%2F10.62
Арс строй,+79034111666,WhatsApp,https://2gis.ru/anapa/search/%D1%80%D0%B5%D0%BC%D0%BE%D0%BD%D1%82%20%D0%BA%D0%B2%D0%B0%D1%80%D1%82%D0%B8%D1%80/filters/sort%3Dopened_time/page/38/firm/70000001094899094/37.336902%2C44.894518?m=38.976653%2C45.096852%2F10.62
Арт ремонт,+79604921820,"Taplink, Telegram",https://2gis.ru/novorossiysk/search/%D1%80%D0%B5%D0%BC%D0%BE%D0%BD%D1%82%20%D0%BA%D0%B2%D0%B0%D1%80%D1%82%D0%B8%D1%80/filters/sort%3Dopened_time/page/49/firm/70000001059956672/37.790313%2C44.68094?m=37.330622%2C44.866528%2F10.62
АртГрани,+79180744095,WhatsApp,https://2gis.ru/krasnodar/search/%D1%80%D0%B5%D0%BC%D0%BE%D0%BD%D1%82%20%D0%BA%D0%B2%D0%B0%D1%80%D1%82%D0%B8%D1%80/filters/sort%3Dopened_time/page/34/firm/70000001100902354/38.945417%2C45.037533?m=38.947167%2C45.038329%2F10.62
АртПроект,+79181504505,,https://2gis.ru/timashevsk/search/%D1%80%D0%B5%D0%BC%D0%BE%D0%BD%D1%82%20%D0%BA%D0%B2%D0%B0%D1%80%D1%82%D0%B8%D1%80/filters/sort%3Dopened_time/page/56/firm/70000001037639696/38.94152%2C45.618297?m=38.944065%2C45.624513%2F10.62
Артель,+79282078036,"YouTube, WhatsApp, Telegram",https://2gis.ru/krasnodar/search/%D1%80%D0%B5%D0%BC%D0%BE%D0%BD%D1%82%20%D0%BA%D0%B2%D0%B0%D1%80%D1%82%D0%B8%D1%80/filters/sort%3Dopened_time/page/19/firm/70000001053869814/39.005711%2C45.033943?m=39.005711%2C45.033943%2F10.62
Артель Ладага,+79184703509,"YouTube, WhatsApp, Telegram",https://2gis.ru/novorossiysk/search/%D1%80%D0%B5%D0%BC%D0%BE%D0%BD%D1%82%20%D0%BA%D0%B2%D0%B0%D1%80%D1%82%D0%B8%D1%80/filters/sort%3Dopened_time/page/35/firm/70000001098931475/37.365407%2C44.853723?m=39.2247%2C45.220339%2F10.62
Архитектор,+79385552241,"WhatsApp, Telegram",https://2gis.ru/krasnodar/search/%D1%80%D0%B5%D0%BC%D0%BE%D0%BD%D1%82%20%D0%BA%D0%B2%D0%B0%D1%80%D1%82%D0%B8%D1%80/filters/sort%3Dopened_time/page/3/firm/70000001102578518?m=39.003284%2C45.085157%2F10.62
Атмосфера,+79898089393,WhatsApp,https://2gis.ru/krasnodar/search/%D1%80%D0%B5%D0%BC%D0%BE%D0%BD%D1%82%20%D0%BA%D0%B2%D0%B0%D1%80%D1%82%D0%B8%D1%80/filters/sort%3Dopened_time/page/47/firm/70000001068224086/39.011512%2C45.023442?m=37.419582%2C45.266407%2F10.62
Аура,+79528462301,,https://2gis.ru/krasnodar/search/%D1%80%D0%B5%D0%BC%D0%BE%D0%BD%D1%82%20%D0%BA%D0%B2%D0%B0%D1%80%D1%82%D0%B8%D1%80/filters/sort%3Dopened_time/page/24/firm/70000001106078163/38.994145%2C45.044882?m=38.963833%2C45.050183%2F10.62
Баир,+79882400744,,https://2gis.ru/krasnodar/search/%D1%80%D0%B5%D0%BC%D0%BE%D0%BD%D1%82%20%D0%BA%D0%B2%D0%B0%D1%80%D1%82%D0%B8%D1%80/filters/sort%3Dopened_time/page/5/firm/70000001105080674/39.002056%2C45.078907?m=38.961956%2C45.061339%2F10.62
Бастион,+79284337666,WhatsApp,https://2gis.ru/gelendzhik/search/%D1%80%D0%B5%D0%BC%D0%BE%D0%BD%D1%82%20%D0%BA%D0%B2%D0%B0%D1%80%D1%82%D0%B8%D1%80/filters/sort%3Dopened_time/page/58/firm/70000001006340389/38.077519%2C44.561901?m=38.962823%2C45.069532%2F10.62
Белый лев,+79180824946,"WhatsApp, Telegram",https://2gis.ru/goryachij-klyuch/search/%D1%80%D0%B5%D0%BC%D0%BE%D0%BD%D1%82%20%D0%BA%D0%B2%D0%B0%D1%80%D1%82%D0%B8%D1%80/filters/sort%3Dopened_time/page/51/firm/70000001052802688/39.156363%2C44.638772?m=39.034485%2C45.005975%2F10.62
Благодарное,+79183986899,"WhatsApp, Telegram",https://2gis.ru/krasnodar/search/%D1%80%D0%B5%D0%BC%D0%BE%D0%BD%D1%82%20%D0%BA%D0%B2%D0%B0%D1%80%D1%82%D0%B8%D1%80/filters/sort%3Dopened_time/page/4/firm/70000001095696127/39.033386%2C45.088676?m=38.906871%2C45.097443%2F10.62
Братья в деле,+79994112020,WhatsApp,https://2gis.ru/krasnodar/search/%D1%80%D0%B5%D0%BC%D0%BE%D0%BD%D1%82%20%D0%BA%D0%B2%D0%B0%D1%80%D1%82%D0%B8%D1%80/filters/sort%3Dopened_time/page/8/firm/70000001079729216?m=37.355052%2C44.898312%2F10.62
Ваш город,+79186704190,,https://2gis.ru/anapa/search/%D1%80%D0%B5%D0%BC%D0%BE%D0%BD%D1%82%20%D0%BA%D0%B2%D0%B0%D1%80%D1%82%D0%B8%D1%80/filters/sort%3Dopened_time/page/58/firm/70000001007168691/37.309606%2C44.892072?m=38.018603%2C44.919082%2F10.62
Вверхстрой,"+79398821208, +78617620202",,
Вертикаль,+78007074907,"YouTube, WhatsApp, Telegram",https://2gis.ru/anapa/search/%D1%80%D0%B5%D0%BC%D0%BE%D0%BD%D1%82%20%D0%BA%D0%B2%D0%B0%D1%80%D1%82%D0%B8%D1%80/filters/sort%3Dopened_time/page/54/firm/70000001043620527/37.30048%2C44.895434?m=37.770093%2C44.692426%2F10.62
ВиП-Компани,+79825189918,,https://2gis.ru/krasnodar/search/%D1%80%D0%B5%D0%BC%D0%BE%D0%BD%D1%82%20%D0%BA%D0%B2%D0%B0%D1%80%D1%82%D0%B8%D1%80/filters/sort%3Dopened_time/page/2/firm/70000001102788112/39.033456%2C45.095393?m=39.003284%2C45.085157%2F10.62
ВласРемСтрой,+79064350149,"WhatsApp, Telegram",https://2gis.ru/krasnodar/search/%D1%80%D0%B5%D0%BC%D0%BE%D0%BD%D1%82%20%D0%BA%D0%B2%D0%B0%D1%80%D1%82%D0%B8%D1%80/filters/sort%3Dopened_time/page/3/firm/70000001102786085?m=39.003284%2C45.085157%2F10.62
Вотчина,"+79615115125, +79880959954","Telegram, WhatsApp",https://2gis.ru/krasnodar/search/%D1%80%D0%B5%D0%BC%D0%BE%D0%BD%D1%82%20%D0%BA%D0%B2%D0%B0%D1%80%D1%82%D0%B8%D1%80/filters/sort%3Dopened_time/page/15/firm/70000001099882658/39.05966%2C45.099137?m=37.761364%2C44.694172%2F10.62
Всё для Кровли и Фасада,+79673116747,WhatsApp,https://2gis.ru/tihoreck/search/%D1%80%D0%B5%D0%BC%D0%BE%D0%BD%D1%82%20%D0%BA%D0%B2%D0%B0%D1%80%D1%82%D0%B8%D1%80/filters/sort%3Dopened_time/page/16/firm/70000001039341641/40.124833%2C45.863901?m=38.940713%2C45.129826%2F10.62
Выездная строительно-отделочная компания,+79180168897,WhatsApp,https://2gis.ru/krasnodar/search/%D1%80%D0%B5%D0%BC%D0%BE%D0%BD%D1%82%20%D0%BA%D0%B2%D0%B0%D1%80%D1%82%D0%B8%D1%80/filters/sort%3Dopened_time/page/16/firm/70000001049144179?m=37.794426%2C44.675825%2F10.62
Газ сервис,+78614842530,,https://2gis.ru/temryuk/search/%D1%80%D0%B5%D0%BC%D0%BE%D0%BD%D1%82%20%D0%BA%D0%B2%D0%B0%D1%80%D1%82%D0%B8%D1%80/filters/sort%3Dopened_time/page/47/firm/70000001068749217/37.419582%2C45.266407?m=39.791538%2C46.116052%2F10.62
Галстрой,+79282448575,WhatsApp,https://2gis.ru/krasnodar/search/%D1%80%D0%B5%D0%BC%D0%BE%D0%BD%D1%82%20%D0%BA%D0%B2%D0%B0%D1%80%D1%82%D0%B8%D1%80/filters/sort%3Dopened_time/page/54/firm/70000001042809810/38.977878%2C45.047248?m=38.083867%2C44.55968%2F10.62
Гарант строй сервис,"+79615895559, +79628557046","WhatsApp, Telegram",https://2gis.ru/anapa/search/%D1%80%D0%B5%D0%BC%D0%BE%D0%BD%D1%82%20%D0%BA%D0%B2%D0%B0%D1%80%D1%82%D0%B8%D1%80/filters/sort%3Dopened_time/page/49/firm/70000001060960731/37.331399%2C44.89419?m=39.038258%2C45.066784%2F10.62
Гарант-строй,+79184437935,WhatsApp,https://2gis.ru/ust-labinsk/search/%D1%80%D0%B5%D0%BC%D0%BE%D0%BD%D1%82%20%D0%BA%D0%B2%D0%B0%D1%80%D1%82%D0%B8%D1%80/filters/sort%3Dopened_time/page/30/firm/70000001035712649/39.697864%2C45.2178?m=38.969748%2C45.062656%2F10.62
Гектор,"+78612215345, +78612018609",,https://2gis.ru/krasnodar/search/%D1%80%D0%B5%D0%BC%D0%BE%D0%BD%D1%82%20%D0%BA%D0%B2%D0%B0%D1%80%D1%82%D0%B8%D1%80/filters/sort%3Dopened_time/page/60/firm/3237490513172919/38.921635%2C45.037195?m=39.022864%2C45.000853%2F10.62
Гелеос,"+79186500665, +78612732776","Telegram, WhatsApp",https://2gis.ru/krasnodar/search/%D1%80%D0%B5%D0%BC%D0%BE%D0%BD%D1%82%20%D0%BA%D0%B2%D0%B0%D1%80%D1%82%D0%B8%D1%80/filters/sort%3Dopened_time/page/30/firm/70000001043704511?m=38.99644%2C45.036791%2F10.62
Геометрия,+79884709122,WhatsApp,https://2gis.ru/novorossiysk/search/%D1%80%D0%B5%D0%BC%D0%BE%D0%BD%D1%82%20%D0%BA%D0%B2%D0%B0%D1%80%D1%82%D0%B8%D1%80/filters/sort%3Dopened_time/page/46/firm/70000001069138644/37.780783%2C44.691274?m=37.331904%2C44.888924%2F10.62
ГорДорСтрой,+79181576935,,https://2gis.ru/krasnodar/search/%D1%80%D0%B5%D0%BC%D0%BE%D0%BD%D1%82%20%D0%BA%D0%B2%D0%B0%D1%80%D1%82%D0%B8%D1%80/filters/sort%3Dopened_time/page/44/firm/70000001076825990/39.204875%2C45.013875?m=39.063612%2C45.021549%2F10.62
Горизонт,"+79388686009, +79184012464","WhatsApp, Telegram",https://2gis.ru/anapa/search/%D1%80%D0%B5%D0%BC%D0%BE%D0%BD%D1%82%20%D0%BA%D0%B2%D0%B0%D1%80%D1%82%D0%B8%D1%80/filters/sort%3Dopened_time/page/25/firm/70000001021305215/37.325583%2C44.877445?m=40.130923%2C45.825674%2F10.62
Готика,+79888886332,WhatsApp,https://2gis.ru/krasnodar/search/%D1%80%D0%B5%D0%BC%D0%BE%D0%BD%D1%82%20%D0%BA%D0%B2%D0%B0%D1%80%D1%82%D0%B8%D1%80/filters/sort%3Dopened_time/page/7/firm/70000001032347407/38.974702%2C45.059385?m=38.968099%2C45.037906%2F10.62
Готика,+79384507545,WhatsApp,https://2gis.ru/krasnodar/search/%D1%80%D0%B5%D0%BC%D0%BE%D0%BD%D1%82%20%D0%BA%D0%B2%D0%B0%D1%80%D1%82%D0%B8%D1%80/filters/sort%3Dopened_time/page/7/firm/70000001082894202?m=38.968099%2C45.037906%2F10.62
Грани,+79181040532,WhatsApp,https://2gis.ru/krasnodar/search/%D1%80%D0%B5%D0%BC%D0%BE%D0%BD%D1%82%20%D0%BA%D0%B2%D0%B0%D1%80%D1%82%D0%B8%D1%80/filters/sort%3Dopened_time/page/21/firm/70000001041713954
Граф,+79184674611,Telegram,https://2gis.ru/krasnodar/search/%D1%80%D0%B5%D0%BC%D0%BE%D0%BD%D1%82%20%D0%BA%D0%B2%D0%B0%D1%80%D1%82%D0%B8%D1%80/filters/sort%3Dopened_time/page/36/firm/70000001098078939?m=37.768971%2C44.692072%2F10.62
Грин Билл,+79823627953,"Telegram, WhatsApp",https://2gis.ru/krasnodar/search/%D1%80%D0%B5%D0%BC%D0%BE%D0%BD%D1%82%20%D0%BA%D0%B2%D0%B0%D1%80%D1%82%D0%B8%D1%80/filters/sort%3Dopened_time/page/33/firm/70000001102512563?m=37.326362%2C44.898806%2F10.62
Двери&Ламинат,+79182942957,"WhatsApp, Telegram",https://2gis.ru/krasnodar/search/%D1%80%D0%B5%D0%BC%D0%BE%D0%BD%D1%82%20%D0%BA%D0%B2%D0%B0%D1%80%D1%82%D0%B8%D1%80/filters/sort%3Dopened_time/page/47/firm/70000001066201199/38.970142%2C45.048595?m=38.970142%2C45.048595%2F10.62
Департамент ремонта,+79184540104,WhatsApp,https://2gis.ru/krasnodar/search/%D1%80%D0%B5%D0%BC%D0%BE%D0%BD%D1%82%20%D0%BA%D0%B2%D0%B0%D1%80%D1%82%D0%B8%D1%80/filters/sort%3Dopened_time/page/58/firm/70000001026132486/tab/photos?m=37.344563%2C44.905944%2F10.62
Дизайн 360,"+79186436060, +79189116000, +79189866636, +79181543090",,
Дизайн-Профессионал,+79898362300,WhatsApp,https://2gis.ru/gelendzhik/search/%D1%80%D0%B5%D0%BC%D0%BE%D0%BD%D1%82%20%D0%BA%D0%B2%D0%B0%D1%80%D1%82%D0%B8%D1%80/filters/sort%3Dopened_time/page/39/firm/70000001091533978/38.098119%2C44.552969?m=38.082361%2C44.570461%2F10.62
ДоломитСтрой,+79673146433,WhatsApp,https://2gis.ru/novorossiysk/search/%D1%80%D0%B5%D0%BC%D0%BE%D0%BD%D1%82%20%D0%BA%D0%B2%D0%B0%D1%80%D1%82%D0%B8%D1%80/filters/sort%3Dopened_time/page/39/firm/70000001091530775/37.702471%2C44.767709?m=37.341959%2C44.900917%2F10.62
Дом быта,+79000004560,"WhatsApp, Telegram",https://2gis.ru/krasnodar/search/%D1%80%D0%B5%D0%BC%D0%BE%D0%BD%D1%82%20%D0%BA%D0%B2%D0%B0%D1%80%D1%82%D0%B8%D1%80/filters/sort%3Dopened_time/page/31/firm/70000001105804918/38.909743%2C45.098253?m=38.957293%2C45.025459%2F10.62
Домовой,+78002347823,"Telegram, WhatsApp",https://2gis.ru/novorossiysk/search/%D1%80%D0%B5%D0%BC%D0%BE%D0%BD%D1%82%20%D0%BA%D0%B2%D0%B0%D1%80%D1%82%D0%B8%D1%80/filters/sort%3Dopened_time/page/40/firm/70000001091493864/37.768023%2C44.724291?m=37.339469%2C44.889044%2F10.62
Доступное жилье,+79883212515,"WhatsApp, Telegram",https://2gis.ru/krymsk/search/%D1%80%D0%B5%D0%BC%D0%BE%D0%BD%D1%82%20%D0%BA%D0%B2%D0%B0%D1%80%D1%82%D0%B8%D1%80/filters/sort%3Dopened_time/page/27/firm/70000001026510132/38.006302%2C44.945467?m=37.333617%2C44.901172%2F10.62
Загородный дом,+79994184999,"WhatsApp, Telegram",https://2gis.ru/gelendzhik/search/%D1%80%D0%B5%D0%BC%D0%BE%D0%BD%D1%82%20%D0%BA%D0%B2%D0%B0%D1%80%D1%82%D0%B8%D1%80/filters/sort%3Dopened_time/page/13/firm/70000001059365784/38.08402%2C44.564636?m=39.01902%2C45.120078%2F10.62
Зевс,+79054023636,"WhatsApp, Telegram",https://2gis.ru/gelendzhik/search/%D1%80%D0%B5%D0%BC%D0%BE%D0%BD%D1%82%20%D0%BA%D0%B2%D0%B0%D1%80%D1%82%D0%B8%D1%80/filters/sort%3Dopened_time/page/59/firm/10415102419304735/38.073064%2C44.579522?m=38.073064%2C44.579522%2F10.62
Золотой КлючЪ,+79516059191,"WhatsApp, Telegram",https://2gis.ru/novorossiysk/search/%D1%80%D0%B5%D0%BC%D0%BE%D0%BD%D1%82%20%D0%BA%D0%B2%D0%B0%D1%80%D1%82%D0%B8%D1%80/filters/sort%3Dopened_time/page/26/firm/70000001059935615/37.545199%2C44.827919?m=39.0115%2C45.116395%2F10.62
ИП Паранук А.Д.,+79183333389,,https://2gis.ru/krasnodar/search/%D1%80%D0%B5%D0%BC%D0%BE%D0%BD%D1%82%20%D0%BA%D0%B2%D0%B0%D1%80%D1%82%D0%B8%D1%80/filters/sort%3Dopened_time/page/34/firm/70000001101696850?m=38.947167%2C45.038329%2F10.62
Ильяс строй,+79181596371,WhatsApp,https://2gis.ru/krasnodar/search/%D1%80%D0%B5%D0%BC%D0%BE%D0%BD%D1%82%20%D0%BA%D0%B2%D0%B0%D1%80%D1%82%D0%B8%D1%80/filters/sort%3Dopened_time/page/54/firm/70000001042534241?m=38.099416%2C44.55248%2F10.62
Империя мебели,+79283344671,WhatsApp,https://2gis.ru/gelendzhik/search/%D1%80%D0%B5%D0%BC%D0%BE%D0%BD%D1%82%20%D0%BA%D0%B2%D0%B0%D1%80%D1%82%D0%B8%D1%80/filters/sort%3Dopened_time/page/53/firm/70000001044238936/38.091336%2C44.565966?m=38.069522%2C44.54817%2F10.62
Империя ремонта,"+79615308182, +79181141541","Telegram, WhatsApp",https://2gis.ru/krasnodar/search/%D1%80%D0%B5%D0%BC%D0%BE%D0%BD%D1%82%20%D0%BA%D0%B2%D0%B0%D1%80%D1%82%D0%B8%D1%80/filters/sort%3Dopened_time/page/43/firm/70000001081176208?m=38.904747%2C45.092173%2F10.62
Инвест-плюс,+79186650222,"Telegram, WhatsApp",https://2gis.ru/anapa/search/%D1%80%D0%B5%D0%BC%D0%BE%D0%BD%D1%82%20%D0%BA%D0%B2%D0%B0%D1%80%D1%82%D0%B8%D1%80/filters/sort%3Dopened_time/page/5/firm/70000001104043476/37.319254%2C44.883262?m=38.908843%2C45.105323%2F10.62
Инвестстрой,+79892462005,"YouTube, WhatsApp",https://2gis.ru/novorossiysk/search/%D1%80%D0%B5%D0%BC%D0%BE%D0%BD%D1%82%20%D0%BA%D0%B2%D0%B0%D1%80%D1%82%D0%B8%D1%80/filters/sort%3Dopened_time/page/56/firm/70000001033524869/37.723369%2C44.745948?m=37.308717%2C44.891364%2F10.62
Интериум,+79284853444,"Telegram, WhatsApp",https://2gis.ru/krasnodar/search/%D1%80%D0%B5%D0%BC%D0%BE%D0%BD%D1%82%20%D0%BA%D0%B2%D0%B0%D1%80%D1%82%D0%B8%D1%80/filters/sort%3Dopened_time/page/36/firm/70000001097418371?m=38.994723%2C45.037063%2F10.62
Кванта,+79994256425,"Telegram, WhatsApp",https://2gis.ru/krasnodar/search/%D1%80%D0%B5%D0%BC%D0%BE%D0%BD%D1%82%20%D0%BA%D0%B2%D0%B0%D1%80%D1%82%D0%B8%D1%80/filters/sort%3Dopened_time/page/6/firm/70000001093043693/39.027373%2C45.048677?m=38.974335%2C45.117762%2F10.62
Квартирный вопрос,+79180009797,,https://2gis.ru/krasnodar/search/%D1%80%D0%B5%D0%BC%D0%BE%D0%BD%D1%82%20%D0%BA%D0%B2%D0%B0%D1%80%D1%82%D0%B8%D1%80/filters/sort%3Dopened_time/page/6/firm/70000001090437677/38.974335%2C45.117762?m=37.770093%2C44.692426%2F10.62
Кеrамика,+79181444386,WhatsApp,https://2gis.ru/krasnodar/search/%D1%80%D0%B5%D0%BC%D0%BE%D0%BD%D1%82%20%D0%BA%D0%B2%D0%B0%D1%80%D1%82%D0%B8%D1%80/filters/sort%3Dopened_time/page/14/firm/70000001053442498/39.224131%2C45.211594?m=38.919204%2C45.063242%2F10.62
Ключ от Юга,+78005502240,Telegram,https://2gis.ru/anapa/search/%D1%80%D0%B5%D0%BC%D0%BE%D0%BD%D1%82%20%D0%BA%D0%B2%D0%B0%D1%80%D1%82%D0%B8%D1%80/filters/sort%3Dopened_time/page/47/firm/70000001065608908/37.338555%2C44.887715?m=38.970142%2C45.048595%2F10.62
Команда R,+78612050688,,https://2gis.ru/krasnodar/firm/70000001050270840
Компания по отделке и ремонту квартир,+79182527902,WhatsApp,https://2gis.ru/krasnodar/search/%D1%80%D0%B5%D0%BC%D0%BE%D0%BD%D1%82%20%D0%BA%D0%B2%D0%B0%D1%80%D1%82%D0%B8%D1%80/filters/sort%3Dopened_time/page/50/firm/70000001052829078?m=38.547812%2C44.850461%2F10.62
Компания по отделке помещений,+79181153714,WhatsApp,https://2gis.ru/search/%D1%80%D0%B5%D0%BC%D0%BE%D0%BD%D1%82%20%D0%BA%D0%B2%D0%B0%D1%80%D1%82%D0%B8%D1%80/filters/sort%3Dopened_time/page/46/firm/70000001068778226/38.444654%2C45.365794?m=38.233612%2C45.367601%2F10.62
Компания по поиску мастера и ремонту помещений,+79284209150,,https://2gis.ru/search/%D1%80%D0%B5%D0%BC%D0%BE%D0%BD%D1%82%20%D0%BA%D0%B2%D0%B0%D1%80%D1%82%D0%B8%D1%80/filters/sort%3Dopened_time/page/46/firm/70000001068787299/39.771383%2C46.149145?m=37.361842%2C45.28441%2F10.62
Компания по предоставлению сантехнических работ,+79883882348,WhatsApp,https://2gis.ru/search/%D1%80%D0%B5%D0%BC%D0%BE%D0%BD%D1%82%20%D0%BA%D0%B2%D0%B0%D1%80%D1%82%D0%B8%D1%80/filters/sort%3Dopened_time/page/52/firm/70000001046489229/39.389733%2C46.316003?m=38.077399%2C44.573123%2F10.62
Компания по ремонту и отделке квартир и домов,+79282829354,WhatsApp,https://2gis.ru/krasnodar/search/%D1%80%D0%B5%D0%BC%D0%BE%D0%BD%D1%82%20%D0%BA%D0%B2%D0%B0%D1%80%D1%82%D0%B8%D1%80/filters/sort%3Dopened_time/page/24/firm/70000001064274303?m=38.963833%2C45.050183%2F10.62
Компания по ремонту и отделке помещений,+79227977982,"WhatsApp, Telegram",https://2gis.ru/anapa/search/%D1%80%D0%B5%D0%BC%D0%BE%D0%BD%D1%82%20%D0%BA%D0%B2%D0%B0%D1%80%D1%82%D0%B8%D1%80/filters/sort%3Dopened_time/page/14/firm/70000001061276345?m=38.921365%2C45.035029%2F10.62
Компания по ремонту и строительству,+79644544954,,https://2gis.ru/krasnodar/search/%D1%80%D0%B5%D0%BC%D0%BE%D0%BD%D1%82%20%D0%BA%D0%B2%D0%B0%D1%80%D1%82%D0%B8%D1%80/filters/sort%3Dopened_time/page/19/firm/70000001100988272?m=39.005711%2C45.033943%2F10.62
Компания по ремонту квартир,+79385333444,,https://2gis.ru/krasnodar/search/%D1%80%D0%B5%D0%BC%D0%BE%D0%BD%D1%82%20%D0%BA%D0%B2%D0%B0%D1%80%D1%82%D0%B8%D1%80/filters/sort%3Dopened_time/page/32/firm/70000001105151036/38.986338%2C45.139667?m=38.952897%2C45.101021%2F10.62
Компания по ремонту квартир и домов,+79503361918,WhatsApp,https://2gis.ru/krasnodar/search/%D1%80%D0%B5%D0%BC%D0%BE%D0%BD%D1%82%20%D0%BA%D0%B2%D0%B0%D1%80%D1%82%D0%B8%D1%80/filters/sort%3Dopened_time/page/15/firm/70000001070344001/39.026286%2C45.099018?m=39.05966%2C45.099137%2F10.62
Компания по ремонту квартир и домов,+79184277188,WhatsApp,https://2gis.ru/krasnodar/search/%D1%80%D0%B5%D0%BC%D0%BE%D0%BD%D1%82%20%D0%BA%D0%B2%D0%B0%D1%80%D1%82%D0%B8%D1%80/filters/sort%3Dopened_time/page/17/firm/70000001087768972?m=38.992948%2C45.139199%2F10.62
Компания по ремонту квартир на выезде,+79388668850,WhatsApp,https://2gis.ru/krasnodar/search/%D1%80%D0%B5%D0%BC%D0%BE%D0%BD%D1%82%20%D0%BA%D0%B2%D0%B0%D1%80%D1%82%D0%B8%D1%80/filters/sort%3Dopened_time/page/50/firm/70000001056585037/39.02713%2C45.046824/tab/photos?m=39.037497%2C45.055388%2F10.62
Компания по ремонту помещений под ключ,+79107147668,,https://2gis.ru/novorossiysk/search/%D1%80%D0%B5%D0%BC%D0%BE%D0%BD%D1%82%20%D0%BA%D0%B2%D0%B0%D1%80%D1%82%D0%B8%D1%80/filters/sort%3Dopened_time/page/6/firm/70000001089882383/37.770093%2C44.692426?m=39.111799%2C45.00207%2F10.62
Компания по услугам демонтажа,+79608038015,"WhatsApp, Telegram",https://2gis.ru/krasnodar/search/%D1%80%D0%B5%D0%BC%D0%BE%D0%BD%D1%82%20%D0%BA%D0%B2%D0%B0%D1%80%D1%82%D0%B8%D1%80/filters/sort%3Dopened_time/page/25/firm/70000001103796139/39.01673%2C45.089691?m=37.743177%2C44.728877%2F10.62
Компания по установке натяжных потолков,+79925005367,,https://2gis.ru/krasnodar/search/%D1%80%D0%B5%D0%BC%D0%BE%D0%BD%D1%82%20%D0%BA%D0%B2%D0%B0%D1%80%D1%82%D0%B8%D1%80/filters/sort%3Dopened_time/page/35/firm/70000001099101003?m=39.2247%2C45.220339%2F10.62
Компания по эмалировке ванн,"+78617625503, +79183680829","YouTube, WhatsApp, Telegram",https://2gis.ru/novorossiysk/search/%D1%80%D0%B5%D0%BC%D0%BE%D0%BD%D1%82%20%D0%BA%D0%B2%D0%B0%D1%80%D1%82%D0%B8%D1%80/filters/sort%3Dopened_time/page/50/firm/70000001053901836/37.759467%2C44.74671?m=37.793527%2C44.676622%2F10.62
Компания ремонтных работ,+79895597974,,
Компас,+79964788956,,https://2gis.ru/krasnodar/search/%D1%80%D0%B5%D0%BC%D0%BE%D0%BD%D1%82%20%D0%BA%D0%B2%D0%B0%D1%80%D1%82%D0%B8%D1%80/filters/sort%3Dopened_time/page/31/firm/70000001110562612/38.92122%2C45.036315?m=38.943272%2C45.037581%2F10.62
Комплект-контора,+79184393388,"Telegram, WhatsApp",https://2gis.ru/krasnodar/search/%D1%80%D0%B5%D0%BC%D0%BE%D0%BD%D1%82%20%D0%BA%D0%B2%D0%B0%D1%80%D1%82%D0%B8%D1%80/filters/sort%3Dopened_time/page/13/firm/70000001057653017/38.992371%2C45.063322?m=38.08402%2C44.564636%2F10.62
Комфорт,+79184684614,WhatsApp,https://2gis.ru/novorossiysk/search/%D1%80%D0%B5%D0%BC%D0%BE%D0%BD%D1%82%20%D0%BA%D0%B2%D0%B0%D1%80%D1%82%D0%B8%D1%80/filters/sort%3Dopened_time/page/25/firm/70000001032611650/37.767755%2C44.700868?m=39.01673%2C45.089691%2F10.62
Комфорт сервис,+79952262199,"WhatsApp, Telegram",https://2gis.ru/krasnodar/search/%D1%80%D0%B5%D0%BC%D0%BE%D0%BD%D1%82%20%D0%BA%D0%B2%D0%B0%D1%80%D1%82%D0%B8%D1%80/filters/sort%3Dopened_time/page/21/firm/70000001032722654?m=38.948017%2C45.052692%2F10.62
Комфорт-Строй,+79184308341,,https://2gis.ru/search/%D1%80%D0%B5%D0%BC%D0%BE%D0%BD%D1%82%20%D0%BA%D0%B2%D0%B0%D1%80%D1%82%D0%B8%D1%80/filters/sort%3Dopened_time/page/46/firm/70000001068828727/40.22817%2C45.833367?m=38.472252%2C44.866703%2F10.62
Комфорт-строй,+79181505353,,https://2gis.ru/krasnodar/search/%D1%80%D0%B5%D0%BC%D0%BE%D0%BD%D1%82%20%D0%BA%D0%B2%D0%B0%D1%80%D1%82%D0%B8%D1%80/filters/sort%3Dopened_time/page/34/firm/70000001100604889/39.2247%2C45.220339?m=38.203449%2C46.050421%2F10.62
Константин и Ко,+79182628013,,https://2gis.ru/krasnodar/search/%D1%80%D0%B5%D0%BC%D0%BE%D0%BD%D1%82%20%D0%BA%D0%B2%D0%B0%D1%80%D1%82%D0%B8%D1%80/filters/sort%3Dopened_time/page/34/firm/70000001101364215/39.00961%2C45.085368?m=38.947167%2C45.038329%2F10.62
Корона,+79184736593,,https://2gis.ru/anapa/search/%D1%80%D0%B5%D0%BC%D0%BE%D0%BD%D1%82%20%D0%BA%D0%B2%D0%B0%D1%80%D1%82%D0%B8%D1%80/filters/sort%3Dopened_time/page/40/firm/70000001091500157/37.333951%2C44.887852?m=37.760133%2C44.691766%2F10.62
Крайслом123,+78612999946,WhatsApp,https://2gis.ru/krasnodar/search/%D1%80%D0%B5%D0%BC%D0%BE%D0%BD%D1%82%20%D0%BA%D0%B2%D0%B0%D1%80%D1%82%D0%B8%D1%80/filters/sort%3Dopened_time/page/51/firm/70000001052802381/39.010946%2C45.082077?m=39.156363%2C44.638772%2F10.62
Крд-монтаж,+79883300595,"Telegram, WhatsApp",https://2gis.ru/krasnodar/search/%D1%80%D0%B5%D0%BC%D0%BE%D0%BD%D1%82%20%D0%BA%D0%B2%D0%B0%D1%80%D1%82%D0%B8%D1%80/filters/sort%3Dopened_time/page/5/firm/70000001090706795/39.036693%2C45.083925?m=37.319254%2C44.883262%2F10.62
Креатив,+78613259898,,https://2gis.ru/krasnodar/search/%D1%80%D0%B5%D0%BC%D0%BE%D0%BD%D1%82%20%D0%BA%D0%B2%D0%B0%D1%80%D1%82%D0%B8%D1%80/filters/sort%3Dopened_time/page/60/firm/3237490513293272?m=39.022864%2C45.000853%2F10.62
Крепстрой,+79965322817,WhatsApp,https://2gis.ru/krasnodar/search/%D1%80%D0%B5%D0%BC%D0%BE%D0%BD%D1%82%20%D0%BA%D0%B2%D0%B0%D1%80%D1%82%D0%B8%D1%80/filters/sort%3Dopened_time/page/40/firm/70000001090883878/38.964247%2C45.245787?m=38.971845%2C45.02717%2F10.62
Кристалл,+79298452257,WhatsApp,https://2gis.ru/gelendzhik/search/%D1%80%D0%B5%D0%BC%D0%BE%D0%BD%D1%82%20%D0%BA%D0%B2%D0%B0%D1%80%D1%82%D0%B8%D1%80/filters/sort%3Dopened_time/page/25/firm/70000001006972297/38.093512%2C44.570058?m=38.666672%2C44.849309%2F10.62
Кс,"+79002450555, +79182929275","WhatsApp, Telegram",https://2gis.ru/krasnodar/search/%D1%80%D0%B5%D0%BC%D0%BE%D0%BD%D1%82%20%D0%BA%D0%B2%D0%B0%D1%80%D1%82%D0%B8%D1%80/filters/sort%3Dopened_time/page/44/firm/70000001076830375/38.961223%2C45.048988?m=39.063612%2C45.021549%2F10.62
Ксенум,+79883885588,WhatsApp,https://2gis.ru/krasnodar/search/%D1%80%D0%B5%D0%BC%D0%BE%D0%BD%D1%82%20%D0%BA%D0%B2%D0%B0%D1%80%D1%82%D0%B8%D1%80/filters/sort%3Dopened_time/page/16/firm/70000001102222692/38.969748%2C45.062656?m=39.026502%2C45.099018%2F10.62
Кубань-строй,+79181212303,,https://2gis.ru/krasnodar/search/%D1%80%D0%B5%D0%BC%D0%BE%D0%BD%D1%82%20%D0%BA%D0%B2%D0%B0%D1%80%D1%82%D0%B8%D1%80/filters/sort%3Dopened_time/page/2/firm/70000001102787508/39.00531%2C45.08955?m=39.003284%2C45.085157%2F10.62
Ладный Дом,+79673102323,"WhatsApp, Telegram",https://2gis.ru/krasnodar/search/%D1%80%D0%B5%D0%BC%D0%BE%D0%BD%D1%82%20%D0%BA%D0%B2%D0%B0%D1%80%D1%82%D0%B8%D1%80/filters/sort%3Dopened_time/page/38/firm/70000001093746491/39.049%2C45.031462?m=37.386849%2C44.900148%2F10.62
Лев,+79529754975,,https://2gis.ru/krasnodar/search/%D1%80%D0%B5%D0%BC%D0%BE%D0%BD%D1%82%20%D0%BA%D0%B2%D0%B0%D1%80%D1%82%D0%B8%D1%80/filters/sort%3Dopened_time/page/26/firm/70000001029650087?m=39.0115%2C45.116395%2F10.62
Лепнина Архитектурные Декоры,+79086775140,WhatsApp,https://2gis.ru/novorossiysk/search/%D1%80%D0%B5%D0%BC%D0%BE%D0%BD%D1%82%20%D0%BA%D0%B2%D0%B0%D1%80%D1%82%D0%B8%D1%80/filters/sort%3Dopened_time/page/59/firm/10415102419287626/37.780469%2C44.681856?m=37.988772%2C44.905665%2F10.62
Ликвидатор-Строй,"+79298439084, +79881402264","Telegram, WhatsApp",https://2gis.ru/krasnodar/search/%D1%80%D0%B5%D0%BC%D0%BE%D0%BD%D1%82%20%D0%BA%D0%B2%D0%B0%D1%80%D1%82%D0%B8%D1%80/filters/sort%3Dopened_time/page/36/firm/70000001097424167?m=38.994723%2C45.037063%2F10.62
Люди,+79676666234,WhatsApp,https://2gis.ru/krasnodar/search/%D1%80%D0%B5%D0%BC%D0%BE%D0%BD%D1%82%20%D0%BA%D0%B2%D0%B0%D1%80%D1%82%D0%B8%D1%80/filters/sort%3Dopened_time/page/4/firm/70000001099460040/39.0313%2C45.049058?m=38.966171%2C45.049544%2F10.62
Магазин Идей,+79884888095,WhatsApp,https://2gis.ru/krasnodar/search/%D1%80%D0%B5%D0%BC%D0%BE%D0%BD%D1%82%20%D0%BA%D0%B2%D0%B0%D1%80%D1%82%D0%B8%D1%80/filters/sort%3Dopened_time/page/52/firm/70000001050103660/38.968025%2C45.040268?m=38.111743%2C44.554647%2F10.62
Манас-Фарма,+79999990699,"WhatsApp, Telegram",https://2gis.ru/krasnodar/search/%D1%80%D0%B5%D0%BC%D0%BE%D0%BD%D1%82%20%D0%BA%D0%B2%D0%B0%D1%80%D1%82%D0%B8%D1%80/filters/sort%3Dopened_time/page/12/firm/70000001063290152/38.94185%2C45.053309?m=39.01902%2C45.120078%2F10.62
Мастер-строй,+79929999984,WhatsApp,https://2gis.ru/krasnodar/search/%D1%80%D0%B5%D0%BC%D0%BE%D0%BD%D1%82%20%D0%BA%D0%B2%D0%B0%D1%80%D1%82%D0%B8%D1%80/filters/sort%3Dopened_time/page/8/firm/70000001081330801?m=39.040127%2C45.035997%2F10.62
Мастер-строй,+79184883232,WhatsApp,https://2gis.ru/anapa/search/%D1%80%D0%B5%D0%BC%D0%BE%D0%BD%D1%82%20%D0%BA%D0%B2%D0%B0%D1%80%D1%82%D0%B8%D1%80/filters/sort%3Dopened_time/page/54/firm/70000001044212879/37.271382%2C44.978714?m=38.069522%2C44.54817%2F10.62
Мастерская ремонта,+79835913003,WhatsApp,https://2gis.ru/gelendzhik/search/%D1%80%D0%B5%D0%BC%D0%BE%D0%BD%D1%82%20%D0%BA%D0%B2%D0%B0%D1%80%D1%82%D0%B8%D1%80/filters/sort%3Dopened_time/page/52/firm/70000001050088909/38.077399%2C44.573123?m=38.968025%2C45.040268%2F10.62
Металлист,+79898085857,,https://2gis.ru/krasnodar/search/%D1%80%D0%B5%D0%BC%D0%BE%D0%BD%D1%82%20%D0%BA%D0%B2%D0%B0%D1%80%D1%82%D0%B8%D1%80/filters/sort%3Dopened_time/page/44/firm/70000001076836150/38.672493%2C44.831511?m=38.981605%2C45.044327%2F10.62
Мечта,+79385197491,WhatsApp,https://2gis.ru/krasnodar/search/%D1%80%D0%B5%D0%BC%D0%BE%D0%BD%D1%82%20%D0%BA%D0%B2%D0%B0%D1%80%D1%82%D0%B8%D1%80/filters/sort%3Dopened_time/page/22/firm/70000001057146367?m=38.995847%2C45.063615%2F10.62
Мечты под ключ,+79385199590,,
МирСтрой,+79094491762,"WhatsApp, Telegram",https://2gis.ru/krasnodar/search/%D1%80%D0%B5%D0%BC%D0%BE%D0%BD%D1%82%20%D0%BA%D0%B2%D0%B0%D1%80%D1%82%D0%B8%D1%80/filters/sort%3Dopened_time/page/31/firm/70000001109920326/39.075721%2C44.992518?m=38.957293%2C45.025459%2F10.62
Многопрофильная компания,+79282611403,,https://2gis.ru/krasnodar/search/%D1%80%D0%B5%D0%BC%D0%BE%D0%BD%D1%82%20%D0%BA%D0%B2%D0%B0%D1%80%D1%82%D0%B8%D1%80/filters/sort%3Dopened_time/page/24/firm/70000001031570943/38.666672%2C44.849309?m=37.327999%2C44.889667%2F10.62
Мой Дом,+79384726415,"Telegram, WhatsApp",https://2gis.ru/krasnodar/search/%D1%80%D0%B5%D0%BC%D0%BE%D0%BD%D1%82%20%D0%BA%D0%B2%D0%B0%D1%80%D1%82%D0%B8%D1%80/filters/sort%3Dopened_time/page/47/firm/70000001067313107?m=37.778803%2C44.685835%2F10.62
"Мой дом, моя крепость",+79638586483,WhatsApp,https://2gis.ru/temryuk/search/%D1%80%D0%B5%D0%BC%D0%BE%D0%BD%D1%82%20%D0%BA%D0%B2%D0%B0%D1%80%D1%82%D0%B8%D1%80/filters/sort%3Dopened_time/page/46/firm/70000001068790647/37.361842%2C45.28441?m=40.142765%2C45.369877%2F10.62
Молодёжный,+79284139431,"Telegram, WhatsApp",https://2gis.ru/krasnodar/search/%D1%80%D0%B5%D0%BC%D0%BE%D0%BD%D1%82%20%D0%BA%D0%B2%D0%B0%D1%80%D1%82%D0%B8%D1%80/filters/sort%3Dopened_time/page/12/firm/70000001087769298/38.997141%2C45.140772?m=39.01902%2C45.120078%2F10.62
Моревино village,+79676560977,"YouTube, WhatsApp, Telegram",https://2gis.ru/krasnodar/search/%D1%80%D0%B5%D0%BC%D0%BE%D0%BD%D1%82%20%D0%BA%D0%B2%D0%B0%D1%80%D1%82%D0%B8%D1%80/filters/sort%3Dopened_time/page/30/firm/70000001050386948/38.969748%2C45.062656?m=37.767755%2C44.700868%2F10.62
НВМ,+79183140862,WhatsApp,https://2gis.ru/krasnodar/search/%D1%80%D0%B5%D0%BC%D0%BE%D0%BD%D1%82%20%D0%BA%D0%B2%D0%B0%D1%80%D1%82%D0%B8%D1%80/filters/sort%3Dopened_time/page/35/firm/70000001098646453/39.021094%2C45.095364?m=38.972018%2C45.047382%2F10.62
НСС,+79180629993,WhatsApp,https://2gis.ru/novorossiysk/search/%D1%80%D0%B5%D0%BC%D0%BE%D0%BD%D1%82%20%D0%BA%D0%B2%D0%B0%D1%80%D1%82%D0%B8%D1%80/filters/sort%3Dopened_time/page/49/firm/70000001060692570/37.767755%2C44.700868?m=37.331399%2C44.89419%2F10.62
Наш плиточник,+79384821345,"Telegram, WhatsApp",https://2gis.ru/krasnodar/search/%D1%80%D0%B5%D0%BC%D0%BE%D0%BD%D1%82%20%D0%BA%D0%B2%D0%B0%D1%80%D1%82%D0%B8%D1%80/filters/sort%3Dopened_time/page/20/firm/70000001077817147?m=38.0903%2C44.557684%2F10.62
Нико,+79184593101,,https://2gis.ru/korenovsk/search/%D1%80%D0%B5%D0%BC%D0%BE%D0%BD%D1%82%20%D0%BA%D0%B2%D0%B0%D1%80%D1%82%D0%B8%D1%80/filters/sort%3Dopened_time/page/53/firm/70000001046096614/39.485394%2C45.4657?m=39.481636%2C45.477666%2F10.62
НовороссФасадСтрой,+79887659444,WhatsApp,https://2gis.ru/novorossiysk/search/%D1%80%D0%B5%D0%BC%D0%BE%D0%BD%D1%82%20%D0%BA%D0%B2%D0%B0%D1%80%D1%82%D0%B8%D1%80/filters/sort%3Dopened_time/page/59/firm/10415102419302392/37.781389%2C44.673055?m=38.073064%2C44.579522%2F10.62
Новый Юг,"+79186644715, +79951231669",WhatsApp,https://2gis.ru/novorossiysk/search/%D1%80%D0%B5%D0%BC%D0%BE%D0%BD%D1%82%20%D0%BA%D0%B2%D0%B0%D1%80%D1%82%D0%B8%D1%80/filters/sort%3Dopened_time/page/16/firm/70000001061161507/37.794426%2C44.675825?m=39.026502%2C45.099018%2F10.62
Новый дом,+79186678666,"WhatsApp, Telegram",https://2gis.ru/anapa/search/%D1%80%D0%B5%D0%BC%D0%BE%D0%BD%D1%82%20%D0%BA%D0%B2%D0%B0%D1%80%D1%82%D0%B8%D1%80/filters/sort%3Dopened_time/page/50/firm/70000001053589165/37.347901%2C44.871485?m=37.793527%2C44.676622%2F10.62
Окна Плюс,+78613153876,WhatsApp,https://2gis.ru/krymsk/search/%D1%80%D0%B5%D0%BC%D0%BE%D0%BD%D1%82%20%D0%BA%D0%B2%D0%B0%D1%80%D1%82%D0%B8%D1%80/filters/sort%3Dopened_time/page/58/firm/70000001007199329/38.018603%2C44.919082?m=37.339593%2C44.878657%2F10.62
Окна плюс,+79284075040,"Telegram, WhatsApp",https://2gis.ru/gelendzhik/search/%D1%80%D0%B5%D0%BC%D0%BE%D0%BD%D1%82%20%D0%BA%D0%B2%D0%B0%D1%80%D1%82%D0%B8%D1%80/filters/sort%3Dopened_time/page/60/firm/10415102419275615/38.092105%2C44.56797?m=38.092105%2C44.56797%2F10.62
Окна-профитт,+79604790070,WhatsApp,https://2gis.ru/novorossiysk/search/%D1%80%D0%B5%D0%BC%D0%BE%D0%BD%D1%82%20%D0%BA%D0%B2%D0%B0%D1%80%D1%82%D0%B8%D1%80/filters/sort%3Dopened_time/page/59/firm/70000001006188845?m=38.09294%2C44.565167%2F10.62
Омега,+79174843993,,https://2gis.ru/anapa/search/%D1%80%D0%B5%D0%BC%D0%BE%D0%BD%D1%82%20%D0%BA%D0%B2%D0%B0%D1%80%D1%82%D0%B8%D1%80/filters/sort%3Dopened_time/page/34/firm/70000001100804562/37.340185%2C44.890709?m=38.947167%2C45.038329%2F10.62
Омега Лк,+78617210718,,https://2gis.ru/novorossiysk/search/%D1%80%D0%B5%D0%BC%D0%BE%D0%BD%D1%82%20%D0%BA%D0%B2%D0%B0%D1%80%D1%82%D0%B8%D1%80/filters/sort%3Dopened_time/page/50/firm/70000001053897637/37.762794%2C44.727512?m=37.793527%2C44.676622%2F10.62
Ордастройкубань,+79298358569,"WhatsApp, Telegram",https://2gis.ru/krasnodar/search/%D1%80%D0%B5%D0%BC%D0%BE%D0%BD%D1%82%20%D0%BA%D0%B2%D0%B0%D1%80%D1%82%D0%B8%D1%80/filters/sort%3Dopened_time/page/24/firm/70000001105613411?m=38.963833%2C45.050183%2F10.62
Основа,+79181925222,"Telegram, WhatsApp",https://2gis.ru/krasnodar/search/%D1%80%D0%B5%D0%BC%D0%BE%D0%BD%D1%82%20%D0%BA%D0%B2%D0%B0%D1%80%D1%82%D0%B8%D1%80/filters/sort%3Dopened_time/page/35/firm/70000001099965371/38.962768%2C45.059511?m=39.2247%2C45.220339%2F10.62
Основание,+79186660077,"Taplink, WhatsApp, Telegram",https://2gis.ru/krasnodar/search/%D1%80%D0%B5%D0%BC%D0%BE%D0%BD%D1%82%20%D0%BA%D0%B2%D0%B0%D1%80%D1%82%D0%B8%D1%80/filters/sort%3Dopened_time/page/20/firm/70000001040831751/39.087002%2C45.040393?m=37.35436%2C44.898642%2F10.62
От&До,+79298443676,WhatsApp,https://2gis.ru/krasnodar/search/%D1%80%D0%B5%D0%BC%D0%BE%D0%BD%D1%82%20%D0%BA%D0%B2%D0%B0%D1%80%D1%82%D0%B8%D1%80/filters/sort%3Dopened_time/page/4/firm/70000001102787940/38.905888%2C45.103702?m=38.906871%2C45.097443%2F10.62
Отдел продаж квартир,+79298244888,WhatsApp,https://2gis.ru/krasnodar/search/%D1%80%D0%B5%D0%BC%D0%BE%D0%BD%D1%82%20%D0%BA%D0%B2%D0%B0%D1%80%D1%82%D0%B8%D1%80/filters/sort%3Dopened_time/page/57/firm/70000001029132503/39.032083%2C45.093244?m=37.35069%2C44.900439%2F10.62
Офис ремонта,+79180234563,WhatsApp,https://2gis.ru/krasnodar/search/%D1%80%D0%B5%D0%BC%D0%BE%D0%BD%D1%82%20%D0%BA%D0%B2%D0%B0%D1%80%D1%82%D0%B8%D1%80/filters/sort%3Dopened_time/page/3/firm/70000001105150770/38.904569%2C45.100802?m=39.003284%2C45.085157%2F10.62
Партнёр,"+78612000679, +78612604712",,https://2gis.ru/krasnodar/search/%D1%80%D0%B5%D0%BC%D0%BE%D0%BD%D1%82%20%D0%BA%D0%B2%D0%B0%D1%80%D1%82%D0%B8%D1%80/filters/sort%3Dopened_time/page/60/firm/3237490513272708/39.063527%2C45.026673?m=39.022864%2C45.000853%2F10.62
Первый дом,+79182121617,"WhatsApp, Telegram",https://2gis.ru/krasnodar/search/%D1%80%D0%B5%D0%BC%D0%BE%D0%BD%D1%82%20%D0%BA%D0%B2%D0%B0%D1%80%D1%82%D0%B8%D1%80/filters/sort%3Dopened_time/page/18/firm/70000001046228140?m=38.966113%2C45.038957%2F10.62
Плит-Мастер,+79181687756,,https://2gis.ru/krasnodar/search/%D1%80%D0%B5%D0%BC%D0%BE%D0%BD%D1%82%20%D0%BA%D0%B2%D0%B0%D1%80%D1%82%D0%B8%D1%80/filters/sort%3Dopened_time/page/44/firm/70000001076827679/39.053004%2C45.039651?m=39.063612%2C45.021549%2F10.62
Плоскость,+79226586898,WhatsApp,https://2gis.ru/krasnodar/search/%D1%80%D0%B5%D0%BC%D0%BE%D0%BD%D1%82%20%D0%BA%D0%B2%D0%B0%D1%80%D1%82%D0%B8%D1%80/filters/sort%3Dopened_time/page/14/firm/70000001055533404/39.056379%2C45.012725?m=38.921365%2C45.035029%2F10.62
По домам,+79673005511,"WhatsApp, Telegram",https://2gis.ru/krasnodar/search/%D1%80%D0%B5%D0%BC%D0%BE%D0%BD%D1%82%20%D0%BA%D0%B2%D0%B0%D1%80%D1%82%D0%B8%D1%80/filters/sort%3Dopened_time/page/9/firm/70000001079698258/38.971501%2C45.063627?m=37.772563%2C44.707926%2F10.62
Позитив,+79385099194,WhatsApp,https://2gis.ru/anapa/search/%D1%80%D0%B5%D0%BC%D0%BE%D0%BD%D1%82%20%D0%BA%D0%B2%D0%B0%D1%80%D1%82%D0%B8%D1%80/filters/sort%3Dopened_time/page/40/firm/70000001091499228/37.339547%2C44.891234?m=37.333951%2C44.887852%2F10.62
Полар,"+79181255800, +79180220738","YouTube, WhatsApp, Telegram",https://2gis.ru/krasnodar/search/%D1%80%D0%B5%D0%BC%D0%BE%D0%BD%D1%82%20%D0%BA%D0%B2%D0%B0%D1%80%D1%82%D0%B8%D1%80/filters/sort%3Dopened_time/page/43/firm/70000001077163105/38.929257%2C45.057886?m=38.981605%2C45.044327%2F10.62
Полина групп,+79385575747,,https://2gis.ru/krasnodar/search/%D1%80%D0%B5%D0%BC%D0%BE%D0%BD%D1%82%20%D0%BA%D0%B2%D0%B0%D1%80%D1%82%D0%B8%D1%80/filters/sort%3Dopened_time/page/43/firm/70000001078639090/39.011614%2C45.063541?m=38.981605%2C45.044327%2F10.62
Потолочный папа,+79180640869,"WhatsApp, Telegram",https://2gis.ru/anapa/search/%D1%80%D0%B5%D0%BC%D0%BE%D0%BD%D1%82%20%D0%BA%D0%B2%D0%B0%D1%80%D1%82%D0%B8%D1%80/filters/sort%3Dopened_time/page/32/firm/70000001105320245/37.335187%2C44.906479?m=37.340605%2C44.866029%2F10.62
Про Ремонт,"+79385153553, +79307637448","WhatsApp, Telegram",https://2gis.ru/novorossiysk/search/%D1%80%D0%B5%D0%BC%D0%BE%D0%BD%D1%82%20%D0%BA%D0%B2%D0%B0%D1%80%D1%82%D0%B8%D1%80/filters/sort%3Dopened_time/page/36/firm/70000001098196139/37.782948%2C44.712744?m=37.768971%2C44.692072%2F10.62
ПроЛесТорг,+78612066246,"WhatsApp, Telegram",https://2gis.ru/krasnodar/search/%D1%80%D0%B5%D0%BC%D0%BE%D0%BD%D1%82%20%D0%BA%D0%B2%D0%B0%D1%80%D1%82%D0%B8%D1%80/filters/sort%3Dopened_time/page/13/firm/70000001055945359/39.047115%2C45.044012?m=38.992371%2C45.063322%2F10.62
Проект строй плюс,+78617216633,WhatsApp,https://2gis.ru/novorossiysk/search/%D1%80%D0%B5%D0%BC%D0%BE%D0%BD%D1%82%20%D0%BA%D0%B2%D0%B0%D1%80%D1%82%D0%B8%D1%80/filters/sort%3Dopened_time/page/50/firm/70000001053899420/37.75517%2C44.710145?m=37.793527%2C44.676622%2F10.62
Проектcервис-Юг,+79181887827,WhatsApp,https://2gis.ru/krasnodar/search/%D1%80%D0%B5%D0%BC%D0%BE%D0%BD%D1%82%20%D0%BA%D0%B2%D0%B0%D1%80%D1%82%D0%B8%D1%80/filters/sort%3Dopened_time/page/27/firm/70000001007266813?m=38.98894%2C45.040687%2F10.62
Пропорция ремонта,+79604737988,WhatsApp,https://2gis.ru/krasnodar/search/%D1%80%D0%B5%D0%BC%D0%BE%D0%BD%D1%82%20%D0%BA%D0%B2%D0%B0%D1%80%D1%82%D0%B8%D1%80/filters/sort%3Dopened_time/page/14/firm/70000001053083342/39.033795%2C45.049825?m=38.958426%2C45.049683%2F10.62
ПрофАртСтрой,+79261231163,WhatsApp,https://2gis.ru/krasnodar/search/%D1%80%D0%B5%D0%BC%D0%BE%D0%BD%D1%82%20%D0%BA%D0%B2%D0%B0%D1%80%D1%82%D0%B8%D1%80/filters/sort%3Dopened_time/page/22/firm/70000001068428743/39.12577%2C45.058624?m=38.995847%2C45.063615%2F10.62
Профиль,+79672085698,,https://2gis.ru/search/%D1%80%D0%B5%D0%BC%D0%BE%D0%BD%D1%82%20%D0%BA%D0%B2%D0%B0%D1%80%D1%82%D0%B8%D1%80/filters/sort%3Dopened_time/page/32/firm/70000001104747275/38.988835%2C45.814885?m=38.952897%2C45.101021%2F10.62
Пхц-алдан,"+78612355990, +78612459555",WhatsApp,https://2gis.ru/krasnodar/search/%D1%80%D0%B5%D0%BC%D0%BE%D0%BD%D1%82%20%D0%BA%D0%B2%D0%B0%D1%80%D1%82%D0%B8%D1%80/filters/sort%3Dopened_time/page/60/firm/3237490513464766/39.022864%2C45.000853?m=37.788939%2C44.696181%2F10.62
"РИО, строительная компания",+79284406585,,https://2gis.ru/tihoreck/search/%D1%80%D0%B5%D0%BC%D0%BE%D0%BD%D1%82%20%D0%BA%D0%B2%D0%B0%D1%80%D1%82%D0%B8%D1%80/filters/sort%3Dopened_time/page/55/firm/70000001039343195/40.120294%2C45.855233?m=39.0419%2C45.093777%2F10.62
Регион 23,"+79676547723, +78619445181","WhatsApp, Telegram",https://2gis.ru/krasnodar/search/%D1%80%D0%B5%D0%BC%D0%BE%D0%BD%D1%82%20%D0%BA%D0%B2%D0%B0%D1%80%D1%82%D0%B8%D1%80/filters/sort%3Dopened_time/page/26/firm/70000001087688726/39.043068%2C45.079102?m=38.939457%2C45.054156%2F10.62
Реконстрой,+79883360957,"WhatsApp, Telegram",https://2gis.ru/anapa/search/%D1%80%D0%B5%D0%BC%D0%BE%D0%BD%D1%82%20%D0%BA%D0%B2%D0%B0%D1%80%D1%82%D0%B8%D1%80/filters/sort%3Dopened_time/page/56/firm/70000001033939778/37.332673%2C44.900059?m=37.308717%2C44.891364%2F10.62
Рем сити,+79183158874,,https://2gis.ru/anapa/search/%D1%80%D0%B5%D0%BC%D0%BE%D0%BD%D1%82%20%D0%BA%D0%B2%D0%B0%D1%80%D1%82%D0%B8%D1%80/filters/sort%3Dopened_time/page/32/firm/70000001105792755/37.340605%2C44.866029?m=38.957293%2C45.025459%2F10.62
Рем-Стройка,+79284153261,"WhatsApp, Telegram",https://2gis.ru/krasnodar/search/%D1%80%D0%B5%D0%BC%D0%BE%D0%BD%D1%82%20%D0%BA%D0%B2%D0%B0%D1%80%D1%82%D0%B8%D1%80/filters/sort%3Dopened_time/page/19/firm/70000001089382097/39.112645%2C45.002173?m=39.005711%2C45.033943%2F10.62
Ремонт Комфорт НН,+79648983046,WhatsApp,https://2gis.ru/krasnodar/search/%D1%80%D0%B5%D0%BC%D0%BE%D0%BD%D1%82%20%D0%BA%D0%B2%D0%B0%D1%80%D1%82%D0%B8%D1%80/filters/sort%3Dopened_time/page/56/firm/70000001035386783?m=38.792141%2C45.043714%2F10.62
Ремонт Новороссийск,+79886662303,,https://2gis.ru/novorossiysk/search/%D1%80%D0%B5%D0%BC%D0%BE%D0%BD%D1%82%20%D0%BA%D0%B2%D0%B0%D1%80%D1%82%D0%B8%D1%80/filters/sort%3Dopened_time/page/25/firm/70000001028994272/37.743177%2C44.728877?m=37.325583%2C44.877445%2F10.62
Ремонт без хлопот,+79898517728,"WhatsApp, Telegram",https://2gis.ru/krasnodar/search/%D1%80%D0%B5%D0%BC%D0%BE%D0%BD%D1%82%20%D0%BA%D0%B2%D0%B0%D1%80%D1%82%D0%B8%D1%80/filters/sort%3Dopened_time/page/30/firm/70000001066673255?m=38.969748%2C45.062656%2F10.62
Ремонт от А до Я,+79059563024,,https://2gis.ru/krasnodar/search/%D1%80%D0%B5%D0%BC%D0%BE%D0%BD%D1%82%20%D0%BA%D0%B2%D0%B0%D1%80%D1%82%D0%B8%D1%80/filters/sort%3Dopened_time/page/36/firm/70000001097852691?m=37.768971%2C44.692072%2F10.62
Ремонтная компания,+79282633350,,https://2gis.ru/krasnodar/search/%D1%80%D0%B5%D0%BC%D0%BE%D0%BD%D1%82%20%D0%BA%D0%B2%D0%B0%D1%80%D1%82%D0%B8%D1%80/filters/sort%3Dopened_time/page/2/firm/70000001103812990?m=39.003284%2C45.085157%2F10.62
Ремонтная компания,+79385000233,WhatsApp,https://2gis.ru/krasnodar/search/%D1%80%D0%B5%D0%BC%D0%BE%D0%BD%D1%82%20%D0%BA%D0%B2%D0%B0%D1%80%D1%82%D0%B8%D1%80/filters/sort%3Dopened_time/page/11/firm/70000001066409401/39.004592%2C45.098056?m=39.01902%2C45.120078%2F10.62
Ремонтная компания,+79181585844,WhatsApp,https://2gis.ru/krasnodar/search/%D1%80%D0%B5%D0%BC%D0%BE%D0%BD%D1%82%20%D0%BA%D0%B2%D0%B0%D1%80%D1%82%D0%B8%D1%80/filters/sort%3Dopened_time/page/22/firm/70000001031857011/38.903324%2C45.074499?m=38.903324%2C45.074499%2F10.62
Ремонтно-отделочная компания,"+79183165235, +79385457888",WhatsApp,https://2gis.ru/abinsk/search/%D1%80%D0%B5%D0%BC%D0%BE%D0%BD%D1%82%20%D0%BA%D0%B2%D0%B0%D1%80%D1%82%D0%B8%D1%80/filters/sort%3Dopened_time/page/42/firm/70000001083617286/38.180345%2C44.860684?m=37.341843%2C44.889823%2F10.62
Ремонтно-отделочная компания,"+79183383718, +79002975559",WhatsApp,https://2gis.ru/krasnodar/search/%D1%80%D0%B5%D0%BC%D0%BE%D0%BD%D1%82%20%D0%BA%D0%B2%D0%B0%D1%80%D1%82%D0%B8%D1%80/filters/sort%3Dopened_time/page/58/firm/70000001006594856/38.962823%2C45.069532?m=37.309606%2C44.892072%2F10.62
Ремонтно-строительная компания,+79184784474,WhatsApp,https://2gis.ru/novorossiysk/search/%D1%80%D0%B5%D0%BC%D0%BE%D0%BD%D1%82%20%D0%BA%D0%B2%D0%B0%D1%80%D1%82%D0%B8%D1%80/filters/sort%3Dopened_time/page/55/firm/70000001039116556/37.698546%2C44.763757?m=38.119061%2C45.25378%2F10.62
Ремподрядстрой,+79184500820,WhatsApp,https://2gis.ru/krasnodar/search/%D1%80%D0%B5%D0%BC%D0%BE%D0%BD%D1%82%20%D0%BA%D0%B2%D0%B0%D1%80%D1%82%D0%B8%D1%80/filters/sort%3Dopened_time/page/51/firm/70000001052792523/39.02589%2C45.013671?m=39.142597%2C44.631474%2F10.62
Реформакс,+79283345678,"Telegram, WhatsApp",https://2gis.ru/novorossiysk/search/%D1%80%D0%B5%D0%BC%D0%BE%D0%BD%D1%82%20%D0%BA%D0%B2%D0%B0%D1%80%D1%82%D0%B8%D1%80/filters/sort%3Dopened_time/page/15/firm/70000001110164392/37.752245%2C44.73216?m=39.05966%2C45.099137%2F10.62
СК Белый ключ,+79186850609,,https://2gis.ru/krasnodar/search/%D1%80%D0%B5%D0%BC%D0%BE%D0%BD%D1%82%20%D0%BA%D0%B2%D0%B0%D1%80%D1%82%D0%B8%D1%80/filters/sort%3Dopened_time/page/61/firm/3237490513171992/38.966096%2C45.036841?m=39.022864%2C45.000853%2F10.62
СК Юг-Регион,+79883195588,"WhatsApp, YouTube",https://2gis.ru/anapa/search/%D1%80%D0%B5%D0%BC%D0%BE%D0%BD%D1%82%20%D0%BA%D0%B2%D0%B0%D1%80%D1%82%D0%B8%D1%80/filters/sort%3Dopened_time/page/59/firm/10415102419331871/37.325558%2C44.882953?m=37.320536%2C44.892131%2F10.62
СТК Атлант,+79298499900,WhatsApp,https://2gis.ru/anapa/search/%D1%80%D0%B5%D0%BC%D0%BE%D0%BD%D1%82%20%D0%BA%D0%B2%D0%B0%D1%80%D1%82%D0%B8%D1%80/filters/sort%3Dopened_time/page/3/firm/70000001102720416/37.338548%2C44.887531?m=39.003284%2C45.085157%2F10.62
Самос,+79181885096,WhatsApp,https://2gis.ru/krasnodar/search/%D1%80%D0%B5%D0%BC%D0%BE%D0%BD%D1%82%20%D0%BA%D0%B2%D0%B0%D1%80%D1%82%D0%B8%D1%80/filters/sort%3Dopened_time/page/51/firm/70000001052797343/39.035794%2C45.068661?m=39.010946%2C45.082077%2F10.62
Сантехник,+79384255396,WhatsApp,https://2gis.ru/krasnodar/search/%D1%80%D0%B5%D0%BC%D0%BE%D0%BD%D1%82%20%D0%BA%D0%B2%D0%B0%D1%80%D1%82%D0%B8%D1%80/filters/sort%3Dopened_time/page/18/firm/70000001040976386/38.966113%2C45.038957?m=38.060314%2C44.548837%2F10.62
Сафия,+79180408385,WhatsApp,https://2gis.ru/gelendzhik/search/%D1%80%D0%B5%D0%BC%D0%BE%D0%BD%D1%82%20%D0%BA%D0%B2%D0%B0%D1%80%D1%82%D0%B8%D1%80/filters/sort%3Dopened_time/page/26/firm/70000001032640593/38.123528%2C44.553068?m=37.545199%2C44.827919%2F10.62
СахКраснодарСтрой,+78612902583,WhatsApp,https://2gis.ru/krasnodar/search/%D1%80%D0%B5%D0%BC%D0%BE%D0%BD%D1%82%20%D0%BA%D0%B2%D0%B0%D1%80%D1%82%D0%B8%D1%80/filters/sort%3Dopened_time/page/27/firm/70000001033447427?m=38.98894%2C45.040687%2F10.62
Сеана-строй,+79183733381,WhatsApp,https://2gis.ru/novorossiysk/search/%D1%80%D0%B5%D0%BC%D0%BE%D0%BD%D1%82%20%D0%BA%D0%B2%D0%B0%D1%80%D1%82%D0%B8%D1%80/filters/sort%3Dopened_time/page/50/firm/70000001052837502/38.547812%2C44.850461?m=38.547812%2C44.850461%2F10.62
Сервисная служба №1,+78619913900,,https://2gis.ru/krasnodar/search/%D1%80%D0%B5%D0%BC%D0%BE%D0%BD%D1%82%20%D0%BA%D0%B2%D0%B0%D1%80%D1%82%D0%B8%D1%80/filters/sort%3Dopened_time/page/21/firm/70000001102729364/38.923916%2C45.113344
Серта Мастер,+79530762293,,
СибСтрой,+79832387235,WhatsApp,https://2gis.ru/gelendzhik/search/%D1%80%D0%B5%D0%BC%D0%BE%D0%BD%D1%82%20%D0%BA%D0%B2%D0%B0%D1%80%D1%82%D0%B8%D1%80/filters/sort%3Dopened_time/page/32/firm/70000001105320203/38.115335%2C44.555735?m=37.340605%2C44.866029%2F10.62
Сибиряк,"+79039239821, +79649288162","WhatsApp, Telegram",https://2gis.ru/anapa/search/%D1%80%D0%B5%D0%BC%D0%BE%D0%BD%D1%82%20%D0%BA%D0%B2%D0%B0%D1%80%D1%82%D0%B8%D1%80/filters/sort%3Dopened_time/page/13/firm/70000001055474402/37.341386%2C44.900257?m=38.992371%2C45.063322%2F10.62
Сигма-ст,+78616322828,,https://2gis.ru/search/%D1%80%D0%B5%D0%BC%D0%BE%D0%BD%D1%82%20%D0%BA%D0%B2%D0%B0%D1%80%D1%82%D0%B8%D1%80/filters/sort%3Dopened_time/page/30/firm/70000001052796965/38.642236%2C45.490723?m=38.95613%2C45.049416%2F10.62
Синай,+79883491296,WhatsApp,https://2gis.ru/novorossiysk/search/%D1%80%D0%B5%D0%BC%D0%BE%D0%BD%D1%82%20%D0%BA%D0%B2%D0%B0%D1%80%D1%82%D0%B8%D1%80/filters/sort%3Dopened_time/page/50/firm/70000001053899984?m=37.793527%2C44.676622%2F10.62
Сирис,+79952021188,"WhatsApp, Telegram",https://2gis.ru/krasnodar/search/%D1%80%D0%B5%D0%BC%D0%BE%D0%BD%D1%82%20%D0%BA%D0%B2%D0%B0%D1%80%D1%82%D0%B8%D1%80/filters/sort%3Dopened_time/page/19/firm/70000001043301207?m=37.35436%2C44.898642%2F10.62
Сириус,+79184584813,WhatsApp,https://2gis.ru/anapa/search/%D1%80%D0%B5%D0%BC%D0%BE%D0%BD%D1%82%20%D0%BA%D0%B2%D0%B0%D1%80%D1%82%D0%B8%D1%80/filters/sort%3Dopened_time/page/42/firm/70000001083618414/37.341843%2C44.889823?m=38.974678%2C45.046731%2F10.62
Славянск-Юг Строй,+79181492227,,https://2gis.ru/slavyansk-na-kubani/search/%D1%80%D0%B5%D0%BC%D0%BE%D0%BD%D1%82%20%D0%BA%D0%B2%D0%B0%D1%80%D1%82%D0%B8%D1%80/filters/sort%3Dopened_time/page/55/firm/70000001039326823/38.119061%2C45.25378?m=38.119061%2C45.25378%2F10.62
Служба бытовых услуг,+79892354525,WhatsApp,https://2gis.ru/krasnodar/search/%D1%80%D0%B5%D0%BC%D0%BE%D0%BD%D1%82%20%D0%BA%D0%B2%D0%B0%D1%80%D1%82%D0%B8%D1%80/filters/sort%3Dopened_time/page/22/firm/70000001029190214?m=37.337186%2C44.89069%2F10.62
Смелый ремонт,+79186665459,"Telegram, YouTube, WhatsApp",https://2gis.ru/krasnodar/search/%D1%80%D0%B5%D0%BC%D0%BE%D0%BD%D1%82%20%D0%BA%D0%B2%D0%B0%D1%80%D1%82%D0%B8%D1%80/filters/sort%3Dopened_time/page/38/firm/70000001093392779/38.988697%2C45.076717?m=39.049%2C45.031462%2F10.62
Советникъ,+79615006004,"WhatsApp, Telegram",https://2gis.ru/gelendzhik/search/%D1%80%D0%B5%D0%BC%D0%BE%D0%BD%D1%82%20%D0%BA%D0%B2%D0%B0%D1%80%D1%82%D0%B8%D1%80/filters/sort%3Dopened_time/page/16/firm/70000001046090711/38.079405%2C44.563331?m=38.99238%2C45.062214%2F10.62
Созидание-4,+79184946289,WhatsApp,https://2gis.ru/krasnodar/search/%D1%80%D0%B5%D0%BC%D0%BE%D0%BD%D1%82%20%D0%BA%D0%B2%D0%B0%D1%80%D1%82%D0%B8%D1%80/filters/sort%3Dopened_time/page/42/firm/70000001083629580/38.974678%2C45.046731?m=37.353254%2C44.899728%2F10.62
Солнце,+79186927831,WhatsApp,https://2gis.ru/gelendzhik/search/%D1%80%D0%B5%D0%BC%D0%BE%D0%BD%D1%82%20%D0%BA%D0%B2%D0%B0%D1%80%D1%82%D0%B8%D1%80/filters/sort%3Dopened_time/page/59/firm/10415102419283621/38.062399%2C44.582357?m=37.780469%2C44.681856%2F10.62
Сологрупп,+79649195767,WhatsApp,https://2gis.ru/krasnodar/search/%D1%80%D0%B5%D0%BC%D0%BE%D0%BD%D1%82%20%D0%BA%D0%B2%D0%B0%D1%80%D1%82%D0%B8%D1%80/filters/sort%3Dopened_time/page/42/firm/70000001086918146/39.083679%2C45.037853?m=38.958981%2C45.108211%2F10.62
Союз,+79182342131,WhatsApp,https://2gis.ru/krasnodar/search/%D1%80%D0%B5%D0%BC%D0%BE%D0%BD%D1%82%20%D0%BA%D0%B2%D0%B0%D1%80%D1%82%D0%B8%D1%80/filters/sort%3Dopened_time/page/37/firm/70000001095381626/39.076342%2C45.014112?m=38.976653%2C45.096852%2F10.62
Сплит Системы,"+79189592652, +79673032222",WhatsApp,https://2gis.ru/goryachij-klyuch/search/%D1%80%D0%B5%D0%BC%D0%BE%D0%BD%D1%82%20%D0%BA%D0%B2%D0%B0%D1%80%D1%82%D0%B8%D1%80/filters/sort%3Dopened_time/page/51/firm/70000001052800060?m=39.010946%2C45.082077%2F10.62
Ссв Ремонт,+79284397402,,
Степ-Строй,+79952272307,,https://2gis.ru/krasnodar/firm/70000001088822572
"Столярка23, торгово-производственная компания",+79385333111,,https://2gis.ru/korenovsk/search/%D1%80%D0%B5%D0%BC%D0%BE%D0%BD%D1%82%20%D0%BA%D0%B2%D0%B0%D1%80%D1%82%D0%B8%D1%80/filters/sort%3Dopened_time/page/53/firm/70000001046100855/39.480292%2C45.468772?m=39.481636%2C45.477666%2F10.62
Строительная компания,+79284095252,WhatsApp,https://2gis.ru/slavyansk-na-kubani/search/%D1%80%D0%B5%D0%BC%D0%BE%D0%BD%D1%82%20%D0%BA%D0%B2%D0%B0%D1%80%D1%82%D0%B8%D1%80/filters/sort%3Dopened_time/page/6/firm/70000001104750505/38.132073%2C45.231848?m=39.000155%2C45.036687%2F10.62
Строительная компания,+79186208336,WhatsApp,https://2gis.ru/goryachij-klyuch/search/%D1%80%D0%B5%D0%BC%D0%BE%D0%BD%D1%82%20%D0%BA%D0%B2%D0%B0%D1%80%D1%82%D0%B8%D1%80/filters/sort%3Dopened_time/page/51/firm/70000001052797303/39.142597%2C44.631474?m=39.010946%2C45.082077%2F10.62
Строительно монтажное управление,+79002540687,WhatsApp,https://2gis.ru/anapa/search/%D1%80%D0%B5%D0%BC%D0%BE%D0%BD%D1%82%20%D0%BA%D0%B2%D0%B0%D1%80%D1%82%D0%B8%D1%80/filters/sort%3Dopened_time/page/33/firm/70000001103585593/37.326362%2C44.898806?m=37.781239%2C44.684997%2F10.62
Строительно-монтажные работы №1,+79180372850,WhatsApp,https://2gis.ru/krasnodar/search/%D1%80%D0%B5%D0%BC%D0%BE%D0%BD%D1%82%20%D0%BA%D0%B2%D0%B0%D1%80%D1%82%D0%B8%D1%80/filters/sort%3Dopened_time/page/11/firm/70000001052765186/38.968819%2C45.046153
Строительно-ремонтная фирма,"+79530806769, +79852196320",WhatsApp,https://2gis.ru/krasnodar/search/%D1%80%D0%B5%D0%BC%D0%BE%D0%BD%D1%82%20%D0%BA%D0%B2%D0%B0%D1%80%D1%82%D0%B8%D1%80/filters/sort%3Dopened_time/page/21/firm/70000001034482452/39.065111%2C45.035757?m=39.283551%2C45.048301%2F10.62
Строительные традиции,+79180042328,"WhatsApp, Telegram",https://2gis.ru/krasnodar/search/%D1%80%D0%B5%D0%BC%D0%BE%D0%BD%D1%82%20%D0%BA%D0%B2%D0%B0%D1%80%D1%82%D0%B8%D1%80/filters/sort%3Dopened_time/page/3/firm/70000001103638661/38.81669%2C45.055431?m=39.003284%2C45.085157%2F10.62
Строй мастер,+79887621214,"Telegram, WhatsApp",https://2gis.ru/novorossiysk/search/%D1%80%D0%B5%D0%BC%D0%BE%D0%BD%D1%82%20%D0%BA%D0%B2%D0%B0%D1%80%D1%82%D0%B8%D1%80/filters/sort%3Dopened_time/page/30/firm/70000001021394575/37.767755%2C44.700868?m=38.99644%2C45.036791%2F10.62
СтройПерспектива,+79284324399,,https://2gis.ru/tihoreck/search/%D1%80%D0%B5%D0%BC%D0%BE%D0%BD%D1%82%20%D0%BA%D0%B2%D0%B0%D1%80%D1%82%D0%B8%D1%80/filters/sort%3Dopened_time/page/25/firm/70000001039339581/40.130923%2C45.825674?m=38.093512%2C44.570058%2F10.62
СтройСервис,+79385000722,"WhatsApp, Telegram",https://2gis.ru/novorossiysk/search/%D1%80%D0%B5%D0%BC%D0%BE%D0%BD%D1%82%20%D0%BA%D0%B2%D0%B0%D1%80%D1%82%D0%B8%D1%80/filters/sort%3Dopened_time/page/20/firm/70000001110246390/38.534604%2C44.372858?m=38.534604%2C44.372858%2F10.62
СтройСитиГруп,+79951984072,"YouTube, WhatsApp",https://2gis.ru/krasnodar/search/%D1%80%D0%B5%D0%BC%D0%BE%D0%BD%D1%82%20%D0%BA%D0%B2%D0%B0%D1%80%D1%82%D0%B8%D1%80/filters/sort%3Dopened_time/page/23/firm/70000001040781663?m=38.963833%2C45.050183%2F10.62
Стройка и точкА,"+79385267194, +79615223190",WhatsApp,https://2gis.ru/gelendzhik/search/%D1%80%D0%B5%D0%BC%D0%BE%D0%BD%D1%82%20%D0%BA%D0%B2%D0%B0%D1%80%D1%82%D0%B8%D1%80/filters/sort%3Dopened_time/page/20/firm/70000001081532705/38.0903%2C44.557684?m=39.087002%2C45.040393%2F10.62
Стройкомплекс,"+79180120101, +79511999995",WhatsApp,https://2gis.ru/adygejsk/search/%D1%80%D0%B5%D0%BC%D0%BE%D0%BD%D1%82%20%D0%BA%D0%B2%D0%B0%D1%80%D1%82%D0%B8%D1%80/filters/sort%3Dopened_time/page/30/firm/70000001041689288/39.203137%2C44.878178?m=38.943272%2C45.037581%2F10.62
Стройоптимум,+79181827689,,https://2gis.ru/krasnodar/search/%D1%80%D0%B5%D0%BC%D0%BE%D0%BD%D1%82%20%D0%BA%D0%B2%D0%B0%D1%80%D1%82%D0%B8%D1%80/filters/sort%3Dopened_time/page/18/firm/70000001089025735/38.944873%2C45.050835?m=39.006744%2C45.097399%2F10.62
Стройэксперт,+79048905239,WhatsApp,https://2gis.ru/novorossiysk/search/%D1%80%D0%B5%D0%BC%D0%BE%D0%BD%D1%82%20%D0%BA%D0%B2%D0%B0%D1%80%D1%82%D0%B8%D1%80/filters/sort%3Dopened_time/page/5/firm/70000001095221119?m=38.961956%2C45.061339%2F10.62
Студия 23,+79385242323,"YouTube, WhatsApp, Telegram",https://2gis.ru/krasnodar/search/%D1%80%D0%B5%D0%BC%D0%BE%D0%BD%D1%82%20%D0%BA%D0%B2%D0%B0%D1%80%D1%82%D0%B8%D1%80/filters/sort%3Dopened_time/page/18/firm/70000001041937518/39.004151%2C45.061058?m=38.808671%2C45.174055%2F10.62
Студия 3,"+79615060034, +79089457423","WhatsApp, Telegram, YouTube",https://2gis.ru/novorossiysk/search/%D1%80%D0%B5%D0%BC%D0%BE%D0%BD%D1%82%20%D0%BA%D0%B2%D0%B0%D1%80%D1%82%D0%B8%D1%80/filters/sort%3Dopened_time/page/4/firm/70000001094528830/37.761973%2C44.695289?m=37.761973%2C44.695289%2F10.62
Студия дизайна интерьера,+79649115771,"WhatsApp, Telegram",https://2gis.ru/krasnodar/search/%D1%80%D0%B5%D0%BC%D0%BE%D0%BD%D1%82%20%D0%BA%D0%B2%D0%B0%D1%80%D1%82%D0%B8%D1%80/filters/sort%3Dopened_time/page/8/firm/70000001081178033/39.009805%2C45.106801?m=39.040127%2C45.035997%2F10.62
Студия дизайна интерьера,+79397833474,WhatsApp,https://2gis.ru/krasnodar/search/%D1%80%D0%B5%D0%BC%D0%BE%D0%BD%D1%82%20%D0%BA%D0%B2%D0%B0%D1%80%D1%82%D0%B8%D1%80/filters/sort%3Dopened_time/page/12/firm/70000001088738738?m=39.01902%2C45.120078%2F10.62
Студия дизайна интерьера,+79280448385,WhatsApp,https://2gis.ru/krasnodar/search/%D1%80%D0%B5%D0%BC%D0%BE%D0%BD%D1%82%20%D0%BA%D0%B2%D0%B0%D1%80%D1%82%D0%B8%D1%80/filters/sort%3Dopened_time/page/37/firm/70000001097413317/39.001068%2C45.032061?m=38.994723%2C45.037063%2F10.62
Студия ремонта,+79519480046,WhatsApp,https://2gis.ru/krasnodar/search/%D1%80%D0%B5%D0%BC%D0%BE%D0%BD%D1%82%20%D0%BA%D0%B2%D0%B0%D1%80%D1%82%D0%B8%D1%80/filters/sort%3Dopened_time/page/11/firm/70000001109688382/38.985049%2C45.050775
ТСИ,+78612668245,,https://2gis.ru/krasnodar/search/%D1%80%D0%B5%D0%BC%D0%BE%D0%BD%D1%82%20%D0%BA%D0%B2%D0%B0%D1%80%D1%82%D0%B8%D1%80/filters/sort%3Dopened_time/page/25/firm/70000001019962904/39.108078%2C45.002773?m=39.01673%2C45.089691%2F10.62
Таис,+79184571212,,https://2gis.ru/search/%D1%80%D0%B5%D0%BC%D0%BE%D0%BD%D1%82%20%D0%BA%D0%B2%D0%B0%D1%80%D1%82%D0%B8%D1%80/filters/sort%3Dopened_time/page/53/firm/70000001046130133/38.979769%2C46.07182?m=38.948291%2C46.074192%2F10.62
Тайм Строй,+79891290035,"WhatsApp, Telegram",https://2gis.ru/krasnodar/search/%D1%80%D0%B5%D0%BC%D0%BE%D0%BD%D1%82%20%D0%BA%D0%B2%D0%B0%D1%80%D1%82%D0%B8%D1%80/filters/sort%3Dopened_time/page/24/firm/70000001033895872?m=38.666672%2C44.849309%2F10.62
ТараСова,+79016006879,"WhatsApp, Telegram",https://2gis.ru/krasnodar/search/%D1%80%D0%B5%D0%BC%D0%BE%D0%BD%D1%82%20%D0%BA%D0%B2%D0%B0%D1%80%D1%82%D0%B8%D1%80/filters/sort%3Dopened_time/page/47/firm/70000001067083761?m=37.778803%2C44.685835%2F10.62
Текстура,"+79883300202, +79184382643","Telegram, WhatsApp",https://2gis.ru/anapa/search/%D1%80%D0%B5%D0%BC%D0%BE%D0%BD%D1%82%20%D0%BA%D0%B2%D0%B0%D1%80%D1%82%D0%B8%D1%80/filters/sort%3Dopened_time/page/46/firm/70000001069907732/37.331904%2C44.888924?m=38.091901%2C44.547785%2F10.62
ТемаРемонта,"+79511272587, +79898538988","WhatsApp, Telegram",https://2gis.ru/krasnodar/search/%D1%80%D0%B5%D0%BC%D0%BE%D0%BD%D1%82%20%D0%BA%D0%B2%D0%B0%D1%80%D1%82%D0%B8%D1%80/filters/sort%3Dopened_time/page/17/firm/70000001046192309?m=38.992948%2C45.139199%2F10.62
Теорема,+79618502222,WhatsApp,https://2gis.ru/krasnodar/search/%D1%80%D0%B5%D0%BC%D0%BE%D0%BD%D1%82%20%D0%BA%D0%B2%D0%B0%D1%80%D1%82%D0%B8%D1%80/filters/sort%3Dopened_time/page/12/firm/70000001063407029?m=39.01902%2C45.120078%2F10.62
Термоцентр,+79181144244,WhatsApp,https://2gis.ru/search/%D1%80%D0%B5%D0%BC%D0%BE%D0%BD%D1%82%20%D0%BA%D0%B2%D0%B0%D1%80%D1%82%D0%B8%D1%80/filters/sort%3Dopened_time/page/53/firm/70000001046130167/38.948291%2C46.074192?m=37.317871%2C44.884447%2F10.62
Технологии комфорта,+79282755456,,https://2gis.ru/krasnodar/firm/70000001076314753
Тиммакс,+79604833843,,
Титул,"+79189720166, +79183554192","WhatsApp, Telegram",https://2gis.ru/krasnodar/search/%D1%80%D0%B5%D0%BC%D0%BE%D0%BD%D1%82%20%D0%BA%D0%B2%D0%B0%D1%80%D1%82%D0%B8%D1%80/filters/sort%3Dopened_time/page/44/firm/70000001076835023/39.063612%2C45.021549?m=38.672493%2C44.831511%2F10.62
Торгово-монтажная компания,+79180677730,WhatsApp,https://2gis.ru/krasnodar/search/%D1%80%D0%B5%D0%BC%D0%BE%D0%BD%D1%82%20%D0%BA%D0%B2%D0%B0%D1%80%D1%82%D0%B8%D1%80/filters/sort%3Dopened_time/page/24/firm/70000001030078178?m=38.963833%2C45.050183%2F10.62
Точка ремонта,+79094486787,"Telegram, WhatsApp",https://2gis.ru/krasnodar/search/%D1%80%D0%B5%D0%BC%D0%BE%D0%BD%D1%82%20%D0%BA%D0%B2%D0%B0%D1%80%D1%82%D0%B8%D1%80/filters/sort%3Dopened_time/page/15/firm/70000001093385849/39.001516%2C45.054929?m=39.05966%2C45.099137%2F10.62
Триа Групп,+79298441333,WhatsApp,https://2gis.ru/novorossiysk/search/%D1%80%D0%B5%D0%BC%D0%BE%D0%BD%D1%82%20%D0%BA%D0%B2%D0%B0%D1%80%D1%82%D0%B8%D1%80/filters/sort%3Dopened_time/page/11/firm/70000001103744615/37.758053%2C44.683267
Триумф-Юг,+79892300243,WhatsApp,https://2gis.ru/gelendzhik/search/%D1%80%D0%B5%D0%BC%D0%BE%D0%BD%D1%82%20%D0%BA%D0%B2%D0%B0%D1%80%D1%82%D0%B8%D1%80/filters/sort%3Dopened_time/page/21/firm/70000001032271364/38.111138%2C44.554717?m=38.111138%2C44.554717%2F10.62
Уровень,+79897774550,WhatsApp,https://2gis.ru/gelendzhik/search/%D1%80%D0%B5%D0%BC%D0%BE%D0%BD%D1%82%20%D0%BA%D0%B2%D0%B0%D1%80%D1%82%D0%B8%D1%80/filters/sort%3Dopened_time/page/39/firm/70000001091537334/38.082361%2C44.570461?m=38.082361%2C44.570461%2F10.62
Уровень cтрой,+79186699907,"WhatsApp, Telegram",https://2gis.ru/anapa/search/%D1%80%D0%B5%D0%BC%D0%BE%D0%BD%D1%82%20%D0%BA%D0%B2%D0%B0%D1%80%D1%82%D0%B8%D1%80/filters/sort%3Dopened_time/page/40/firm/70000001091495556/37.339469%2C44.889044?m=38.071723%2C44.548528%2F10.62
Фаворит Строй,+79884724763,"YouTube, WhatsApp",https://2gis.ru/krasnodar/search/%D1%80%D0%B5%D0%BC%D0%BE%D0%BD%D1%82%20%D0%BA%D0%B2%D0%B0%D1%80%D1%82%D0%B8%D1%80/filters/sort%3Dopened_time/page/25/firm/70000001025724163/39.0115%2C45.116395?m=37.767755%2C44.700868%2F10.62
Фасад23.рус,+79883509509,WhatsApp,https://2gis.ru/novorossiysk/search/%D1%80%D0%B5%D0%BC%D0%BE%D0%BD%D1%82%20%D0%BA%D0%B2%D0%B0%D1%80%D1%82%D0%B8%D1%80/filters/sort%3Dopened_time/page/18/firm/70000001041649387/37.739236%2C44.762291?m=39.006744%2C45.097399%2F10.62
Фасады Юга,+79181121266,,https://2gis.ru/novorossiysk/search/%D1%80%D0%B5%D0%BC%D0%BE%D0%BD%D1%82%20%D0%BA%D0%B2%D0%B0%D1%80%D1%82%D0%B8%D1%80/filters/sort%3Dopened_time/page/49/firm/70000001057880584/37.765652%2C44.714682?m=37.332835%2C44.876464%2F10.62
Феникс,+79284254955,WhatsApp,https://2gis.ru/krasnodar/search/%D1%80%D0%B5%D0%BC%D0%BE%D0%BD%D1%82%20%D0%BA%D0%B2%D0%B0%D1%80%D1%82%D0%B8%D1%80/filters/sort%3Dopened_time/page/22/firm/70000001044761220?m=37.337186%2C44.89069%2F10.62
Хижниковъ,+79881436000,"Telegram, YouTube, WhatsApp",https://2gis.ru/novorossiysk/search/%D1%80%D0%B5%D0%BC%D0%BE%D0%BD%D1%82%20%D0%BA%D0%B2%D0%B0%D1%80%D1%82%D0%B8%D1%80/filters/sort%3Dopened_time/page/14/firm/70000001083391347/37.761364%2C44.694172?m=37.761364%2C44.694172%2F10.62
Центр красок,+78612774701,OK,https://2gis.ru/krasnodar/search/%D1%80%D0%B5%D0%BC%D0%BE%D0%BD%D1%82%20%D0%BA%D0%B2%D0%B0%D1%80%D1%82%D0%B8%D1%80/filters/sort%3Dopened_time/page/57/firm/70000001030281519/39.046032%2C45.024038?m=38.957049%2C45.055476%2F10.62
Центр продаж Литокс,+79186277303,WhatsApp,https://2gis.ru/labinsk/search/%D1%80%D0%B5%D0%BC%D0%BE%D0%BD%D1%82%20%D0%BA%D0%B2%D0%B0%D1%80%D1%82%D0%B8%D1%80/filters/sort%3Dopened_time/page/34/firm/70000001100682692/40.737362%2C44.64286?m=37.340185%2C44.890709%2F10.62
Черное побережье,+79284414144,"WhatsApp, Telegram",https://2gis.ru/gelendzhik/search/%D1%80%D0%B5%D0%BC%D0%BE%D0%BD%D1%82%20%D0%BA%D0%B2%D0%B0%D1%80%D1%82%D0%B8%D1%80/filters/sort%3Dopened_time/page/40/firm/70000001091496049/38.071723%2C44.548528?m=37.781003%2C44.693046%2F10.62
Шахбазян строй,+79282740990,,https://2gis.ru/anapa/search/%D1%80%D0%B5%D0%BC%D0%BE%D0%BD%D1%82%20%D0%BA%D0%B2%D0%B0%D1%80%D1%82%D0%B8%D1%80/filters/sort%3Dopened_time/page/32/firm/70000001105792734/37.335951%2C44.868305?m=37.340605%2C44.866029%2F10.62
Элит Эстейт,"+79010081286, +79181982888","WhatsApp, Telegram",https://2gis.ru/anapa/search/%D1%80%D0%B5%D0%BC%D0%BE%D0%BD%D1%82%20%D0%BA%D0%B2%D0%B0%D1%80%D1%82%D0%B8%D1%80/filters/sort%3Dopened_time/page/35/firm/70000001098524036/37.354579%2C44.896255?m=38.972018%2C45.047382%2F10.62
Элита строй,+79268115781,,https://2gis.ru/krasnodar/search/%D1%80%D0%B5%D0%BC%D0%BE%D0%BD%D1%82%20%D0%BA%D0%B2%D0%B0%D1%80%D1%82%D0%B8%D1%80/filters/sort%3Dopened_time/page/38/firm/70000001094995669/38.995174%2C45.076135?m=38.976653%2C45.096852%2F10.62
Эстет гранд,+79604791680,WhatsApp,https://2gis.ru/krasnodar/search/%D1%80%D0%B5%D0%BC%D0%BE%D0%BD%D1%82%20%D0%BA%D0%B2%D0%B0%D1%80%D1%82%D0%B8%D1%80/filters/sort%3Dopened_time/page/33/firm/70000001102452695/38.985455%2C45.112203?m=37.326362%2C44.898806%2F10.62
Эстетика пространства,+79280411749,,https://2gis.ru/krasnodar/search/%D1%80%D0%B5%D0%BC%D0%BE%D0%BD%D1%82%20%D0%BA%D0%B2%D0%B0%D1%80%D1%82%D0%B8%D1%80/filters/sort%3Dopened_time/page/36/firm/70000001097417638/39.025784%2C45.027006?m=38.994723%2C45.037063%2F10.62
Этажи плюс,+79615303223,"YouTube, WhatsApp, Telegram",https://2gis.ru/gelendzhik/search/%D1%80%D0%B5%D0%BC%D0%BE%D0%BD%D1%82%20%D0%BA%D0%B2%D0%B0%D1%80%D1%82%D0%B8%D1%80/filters/sort%3Dopened_time/page/23/firm/70000001036565708/38.071255%2C44.548266?m=37.337186%2C44.89069%2F10.62
Эталон Pro,"+79282922662, +79888880926",WhatsApp,https://2gis.ru/krasnodar/search/%D1%80%D0%B5%D0%BC%D0%BE%D0%BD%D1%82%20%D0%BA%D0%B2%D0%B0%D1%80%D1%82%D0%B8%D1%80/filters/sort%3Dopened_time/page/40/firm/70000001091445310/38.971845%2C45.02717?m=37.768023%2C44.724291%2F10.62
Эталон Сервис,+79531008388,"Telegram, WhatsApp",https://2gis.ru/krasnodar/search/%D1%80%D0%B5%D0%BC%D0%BE%D0%BD%D1%82%20%D0%BA%D0%B2%D0%B0%D1%80%D1%82%D0%B8%D1%80/filters/sort%3Dopened_time/page/23/firm/70000001045752763/38.967017%2C45.040824?m=38.963833%2C45.050183%2F10.62
Юг-Берег,+79883599777,"YouTube, Telegram",https://2gis.ru/anapa/search/%D1%80%D0%B5%D0%BC%D0%BE%D0%BD%D1%82%20%D0%BA%D0%B2%D0%B0%D1%80%D1%82%D0%B8%D1%80/filters/sort%3Dopened_time/page/39/firm/70000001091532383/37.341959%2C44.900917?m=38.082361%2C44.570461%2F10.62
ЮгСтройМакс,+79384070806,,https://2gis.ru/krasnodar/search/%D1%80%D0%B5%D0%BC%D0%BE%D0%BD%D1%82%20%D0%BA%D0%B2%D0%B0%D1%80%D1%82%D0%B8%D1%80/filters/sort%3Dopened_time/page/51/firm/70000001052821391/38.980568%2C45.23422?m=38.980568%2C45.23422%2F10.62
ЮгТехЭнергоМонтаж,+79181786710,,https://2gis.ru/timashevsk/search/%D1%80%D0%B5%D0%BC%D0%BE%D0%BD%D1%82%20%D0%BA%D0%B2%D0%B0%D1%80%D1%82%D0%B8%D1%80/filters/sort%3Dopened_time/page/56/firm/70000001037640020/38.960031%2C45.611307?m=38.944065%2C45.624513%2F10.62
Югпласткомплект,+78617631131,WhatsApp,https://2gis.ru/novorossiysk/search/%D1%80%D0%B5%D0%BC%D0%BE%D0%BD%D1%82%20%D0%BA%D0%B2%D0%B0%D1%80%D1%82%D0%B8%D1%80/filters/sort%3Dopened_time/page/59/firm/10415102419278013/37.782583%2C44.708332?m=38.062399%2C44.582357%2F10.62
Югросс,+79385470505,"WhatsApp, Telegram",https://2gis.ru/gelendzhik/search/%D1%80%D0%B5%D0%BC%D0%BE%D0%BD%D1%82%20%D0%BA%D0%B2%D0%B0%D1%80%D1%82%D0%B8%D1%80/filters/sort%3Dopened_time/page/27/firm/70000001023744264/38.069824%2C44.581448?m=38.98894%2C45.040687%2F10.62
Югсити строй,+79667600055,"WhatsApp, Telegram",https://2gis.ru/anapa/search/%D1%80%D0%B5%D0%BC%D0%BE%D0%BD%D1%82%20%D0%BA%D0%B2%D0%B0%D1%80%D1%82%D0%B8%D1%80/filters/sort%3Dopened_time/page/38/firm/70000001093021177/37.33372%2C44.878231?m=39.049%2C45.031462%2F10.62
Югтехэнергострой,+79604780516,,https://2gis.ru/krasnodar/search/%D1%80%D0%B5%D0%BC%D0%BE%D0%BD%D1%82%20%D0%BA%D0%B2%D0%B0%D1%80%D1%82%D0%B8%D1%80/filters/sort%3Dopened_time/page/6/firm/70000001093558483/39.111799%2C45.00207?m=39.220773%2C45.220615%2F10.62
Югэнергомонтаж,+78613095200,WhatsApp,https://2gis.ru/timashevsk/search/%D1%80%D0%B5%D0%BC%D0%BE%D0%BD%D1%82%20%D0%BA%D0%B2%D0%B0%D1%80%D1%82%D0%B8%D1%80/filters/sort%3Dopened_time/page/56/firm/70000001037640024/38.944065%2C45.624513?m=37.324373%2C44.884043%2F10.62
Южная строительная компания,+79897699000,WhatsApp,https://2gis.ru/novorossiysk/search/%D1%80%D0%B5%D0%BC%D0%BE%D0%BD%D1%82%20%D0%BA%D0%B2%D0%B0%D1%80%D1%82%D0%B8%D1%80/filters/sort%3Dopened_time/page/50/firm/70000001054832327/37.793527%2C44.676622?m=37.793527%2C44.676622%2F10.62
Южный берег +,+79184673146,,https://2gis.ru/novorossiysk/search/%D1%80%D0%B5%D0%BC%D0%BE%D0%BD%D1%82%20%D0%BA%D0%B2%D0%B0%D1%80%D1%82%D0%B8%D1%80/filters/sort%3Dopened_time/page/40/firm/70000001091498031/37.781003%2C44.693046?m=37.333951%2C44.887852%2F10.62
ремонт квартир,+79888880327,,
